-2.996875,5.,0.,0.,0.
-2.990625,5.,0.,0.,0.
-2.984375,5.,0.,0.,0.
-2.978125,5.,0.,0.,0.
-2.971875,5.,0.,0.,0.
-2.965625,5.,0.,0.,0.
-2.959375,5.,0.,0.,0.
-2.953125,5.,0.,0.,0.
-2.946875,5.,0.,0.,0.
-2.940625,5.,0.,0.,0.
-2.934375,5.,0.,0.,0.
-2.928125,5.,0.,0.,0.
-2.921875,5.,0.,0.,0.
-2.915625,5.,0.,0.,0.
-2.909375,5.,0.,0.,0.
-2.903125,5.,0.,0.,0.
-2.896875,5.,0.,0.,0.
-2.890625,5.,0.,0.,0.
-2.884375,5.,0.,0.,0.
-2.878125,5.,0.,0.,0.
-2.871875,5.,0.,0.,0.
-2.865625,5.,0.,0.,0.
-2.859375,5.,0.,0.,0.
-2.853125,5.,0.,0.,0.
-2.846875,5.,0.,0.,0.
-2.840625,5.,0.,0.,0.
-2.834375,5.,0.,0.,0.
-2.828125,5.,0.,0.,0.
-2.821875,5.,0.,0.,0.
-2.815625,5.,0.,0.,0.
-2.809375,5.,0.,0.,0.
-2.803125,5.,0.,0.,0.
-2.796875,5.,0.,0.,0.
-2.790625,5.,0.,0.,0.
-2.784375,5.,0.,0.,0.
-2.778125,5.,0.,0.,0.
-2.771875,5.,0.,0.,0.
-2.765625,5.,0.,0.,0.
-2.759375,5.,0.,0.,0.
-2.753125,5.,0.,0.,0.
-2.746875,5.,0.,0.,0.
-2.740625,5.,0.,0.,0.
-2.734375,5.,0.,0.,0.
-2.728125,5.,0.,0.,0.
-2.721875,5.,0.,0.,0.
-2.715625,5.,0.,0.,0.
-2.709375,5.,0.,0.,0.
-2.703125,5.,0.,0.,0.
-2.696875,5.,0.,0.,0.
-2.690625,5.,0.,0.,0.
-2.684375,5.,0.,0.,0.
-2.678125,5.,0.,0.,0.
-2.671875,5.,0.,0.,0.
-2.665625,5.,0.,0.,0.
-2.659375,5.,0.,0.,0.
-2.653125,5.,0.,0.,0.
-2.646875,5.,0.,0.,0.
-2.640625,5.,0.,0.,0.
-2.634375,5.,0.,0.,0.
-2.628125,5.,0.,0.,0.
-2.621875,5.,0.,0.,0.
-2.615625,5.,0.,0.,0.
-2.609375,5.,0.,0.,0.
-2.603125,5.,0.,0.,0.
-2.596875,5.,0.,0.,0.
-2.590625,5.,0.,0.,0.
-2.584375,5.,0.,0.,0.
-2.578125,5.,0.,0.,0.
-2.571875,5.,0.,0.,0.
-2.565625,5.,0.,0.,0.
-2.559375,5.,0.,0.,0.
-2.553125,5.,0.,0.,0.
-2.546875,5.,0.,0.,0.
-2.540625,5.,0.,0.,0.
-2.534375,5.,0.,0.,0.
-2.528125,5.,0.,0.,0.
-2.521875,5.,0.,0.,0.
-2.515625,5.,0.,0.,0.
-2.509375,5.,0.,0.,0.
-2.503125,5.,0.,0.,0.
-2.496875,5.,0.,0.,0.
-2.490625,5.,0.,0.,0.
-2.484375,5.,0.,0.,0.
-2.478125,5.,0.,0.,0.
-2.471875,5.,0.,0.,0.
-2.465625,5.,0.,0.,0.
-2.459375,5.,0.,0.,0.
-2.453125,5.,0.,0.,0.
-2.446875,5.,0.,0.,0.
-2.440625,5.,0.,0.,0.
-2.434375,5.,0.,0.,0.
-2.428125,5.,0.,0.,0.
-2.421875,5.,0.,0.,0.
-2.415625,5.,0.,0.,0.
-2.409375,5.,0.,0.,0.
-2.403125,5.,0.,0.,0.
-2.396875,5.,0.,0.,0.
-2.390625,5.,0.,0.,0.
-2.384375,5.,0.,0.,0.
-2.378125,5.,0.,0.,0.
-2.371875,5.,8.043344530712048e-17,-1.2571667709989936e-19,-1.2279097290254716e-19
-2.365625,4.999999999999996,1.78607723977234e-15,-4.2241130406181e-18,-4.0955907023054645e-18
-2.359375,4.999999999999975,1.0761096182527218e-14,-3.0418796762065943e-17,-2.9310905378498093e-17
-2.353125,4.999999999999888,4.965811061373481e-14,-1.466278059827922e-16,-1.4138607770992992e-16
-2.346875,4.999999999999471,2.353908025687212e-13,-6.924495858072981e-16,-6.674305812927927e-16
-2.340625,4.999999999997324,1.1937412281105903e-12,-3.449034034731023e-15,-3.3251288660263694e-15
-2.334375,4.999999999986056,6.2251490916908894e-12,-1.782812121813695e-14,-1.719208069233072e-14
-2.328125,4.999999999927146,3.2526598238678834e-11,-9.290307558460272e-14,-8.959669474121125e-14
-2.321875,4.999999999618155,1.7048571719504032e-10,-4.8642277247528e-13,-4.691302079933946e-13
-2.315625,4.999999997998158,8.937887025713057e-10,-2.549371502932513e-12,-2.458767288926029e-12
-2.309375,4.999999989501391,4.687462387958173e-9,-1.3367977673742641e-11,-1.2892947343095756e-11
-2.303125,4.999999944928136,2.4588728953652904e-8,-7.011643404388935e-11,-6.7625045753555e-11
-2.296875,4.999999711067209,1.2900401024490358e-7,-3.678320158937286e-10,-3.5476308980748885e-10
-2.290625,4.999998483944802,6.768951809028621e-7,-1.9297837410878823e-9,-1.8612307704237015e-9
-2.284375,4.999992045756693,3.551445869942455e-6,-1.0119565932853119e-8,-9.760365610152175e-9
-2.278125,4.999958303337318,0.000018616880661099447,-5.27888897618113e-8,-5.092498685407019e-8
-2.271875,4.999781733647372,0.0000974511913189536,-2.60611584110808e-7,-2.518413482543121e-7
-2.265625,4.998988226160531,0.00045172993511450216,-1.2984365621612268e-6,-1.254475596235924e-6
-2.259375,4.997276600615595,0.001215591711043211,-4.479060601727822e-6,-4.307230263436666e-6
-2.253125,4.994682153838291,0.0023727899202978355,-0.000010995403955949451,-0.000010513185794370991
-2.246875,4.991260287037015,0.0038983977308865137,-0.000021704105318442807,-0.000020639816991719892
-2.240625,4.987093542194893,0.005755482244401582,-0.0000373172628348381,-0.00003530620635177344
-2.234375,4.982280492121096,0.007900014095544756,-0.00005835239536268544,-0.000054940347497795654
-2.228125,4.976925366260317,0.010285501731504823,-0.00008514839089310362,-0.00007979790367409936
-2.221875,4.9711274280349045,0.012867703453290677,-0.00011789886845640622,-0.00010999651711451135
-2.215625,4.964974749770369,0.015607387424842117,-0.00015668234335709176,-0.00014554667247867618
-2.209375,4.958541178881479,0.018471676875719635,-0.00020149001034433452,-0.00018637980890366614
-2.203125,4.951885962187225,0.021434212365625246,-0.00025225349541656766,-0.00023237546344454402
-2.196875,4.945055274885151,0.024474467669722978,-0.00030886844272225167,-0.00028338370390465267
-2.190625,4.93808432035955,0.027576812920800085,-0.0003712118268572751,-0.00033924130926478707
-2.184375,4.930999667194139,0.030729470551035976,-0.0004391527184924516,-0.0003997817116388431
-2.178125,4.923821337778542,0.03392358155763051,-0.0005125585249655298,-0.00046484064110648333
-2.171875,4.916564526670082,0.037152438376494894,-0.0005912989233730734,-0.0005342594824631417
-2.165625,4.909240936939105,0.040410889136395414,-0.000675248511771505,-0.0006078873152150259
-2.159375,4.901859751270461,0.04369490398555585,-0.0007642883145923996,-0.0006855818773106236
-2.153125,4.89442832284954,0.04700126533964782,-0.0008583062274235267,-0.0007672096147910026
-2.146875,4.886952660180604,0.050327350637298165,-0.0009571968729387178,-0.000852645246269124
-2.140625,4.879437764297278,0.053670982461395365,-0.0010608613602254317,-0.0009417712598196608
-2.134375,4.871887865980959,0.05703032370064472,-0.0011692070536833403,-0.001034477442367108
-2.128125,4.864306593634884,0.060403802693019946,-0.0012821472094779159,-0.0011306603402521992
-2.121875,4.856697093270904,0.0637900590579272,-0.0013996004509868446,-0.0012302226292524835
-2.115625,4.849062118058903,0.06718790379928269,-0.0015214902351975224,-0.001333072503974291
-2.109375,4.841404097168036,0.07059628971151273,-0.001647744438328937,-0.0014391231792963365
-2.103125,4.833725188860724,0.07401428873377988,-0.0017782950285675234,-0.001548292479882437
-2.096875,4.826027321515653,0.07744107361025078,-0.0019130777205807901,-0.0016605024403645078
-2.090625,4.818312226106958,0.08087590272981224,-0.00205203158250937,-0.001775678892691879
-2.084375,4.810581463262503,0.08431810788844861,-0.0021950986643531267,-0.0018937510858856896
-2.078125,4.8028364464464435,0.08776708459022368,-0.0023422237232059735,-0.002014651387010854
-2.071875,4.795078461357029,0.09122228411833298,-0.0024933540506064055,-0.002138315063523556
-2.065625,4.787308681635881,0.09468320669009249,-0.002648439345027476,-0.002264680105939672
-2.059375,4.7795281817768025,0.09814939550124578,-0.002807431570560578,-0.0023936870502878826
-2.053125,4.77173794834146,0.10162043172962842,-0.0029702847852612806,-0.0025252787891595543
-2.046875,4.763938889913824,0.10509593038759203,-0.003136954960183378,-0.002659400384893814
-2.040625,4.756131845565778,0.10857553669068518,-0.00330739981280365,-0.0027959988997232274
-2.034375,4.748317591736157,0.1120589227131319,-0.0034815786571674376,-0.0029350232436726282
-2.028125,4.740496847992477,0.11554578438561502,-0.003659452258964677,-0.0030764240319797634
-2.021875,4.7326702822936575,0.11903583898399699,-0.003840982693600791,-0.003220153449973948
-2.015625,4.724838515938484,0.12252882308034307,-0.0040261332271244645,-0.0033661651367308497
-2.009375,4.717002127983867,0.12602449076168712,-0.0042148682489251965,-0.00351441410406545
-2.003125,4.709161659023181,0.12952261198812742,-0.004407153269601833,-0.003664856697622753
-1.996875,4.701317614565085,0.13302297113952843,-0.004602954968025474,-0.0038174505889664065
-1.9906249999999999,4.693470468297674,0.13652536583508126,-0.004802241249934988,-0.00397215477495163
-1.984375,4.685620665189777,0.1400296059664367,-0.005004981280199626,-0.004128929561484744
-1.978125,4.677768624118592,0.14353551276903104,-0.005211145469427556,-0.004287736520854355
-1.971875,4.669914739859088,0.14704291782553705,-0.005420705418957305,-0.004448538426257677
-1.965625,4.66205938463791,0.1505516620670186,-0.005633633843147193,-0.00461129917574884
-1.9593749999999999,4.654202909616691,0.15406159491555813,-0.005849904489756558,-0.004775983718136578
-1.953125,4.646345646487407,0.1575725736315575,-0.006069492072219514,-0.004942557988384053
-1.946875,4.638487909086239,0.16108446280420943,-0.006292372218784224,-0.0051109888544569205
-1.940625,4.63062999484748,0.16459713388638952,-0.006518521437047771,-0.00528124407391843
-1.934375,4.622772186033892,0.1681104647303933,-0.006747917088260131,-0.005453292256643989
-1.9281249999999999,4.614914750800001,0.1716243391385663,-0.006980537362262902,-0.005627102828576995
-1.921875,4.607057944144276,0.17513864644454097,-0.00721636124109401,-0.005802645990354649
-1.915625,4.599202008744707,0.17865328111370332,-0.007455368439450128,-0.005979892665116116
-1.909375,4.591347175666134,0.18216814234976147,-0.00769753931553321,-0.006158814432946044
-1.903125,4.583493664991181,0.1856831337249585,-0.007942854755687088,-0.0063393834546906745
-1.8968749999999999,4.575641686472111,0.18919816287392274,-0.008191296047090634,-0.006521572393239432
-1.890625,4.567791440259535,0.1927131412729291,-0.0084428447601319,-0.006705354343480627
-1.884375,4.559943117665348,0.19622798408092165,-0.008697482662956713,-0.006890702781713619
-1.878125,4.552096901850892,0.19974260998758034,-0.00895519168452262,-0.007077591541417101
-1.871875,4.54425296835272,0.20325694102330727,-0.009215953930887342,-0.007265994816037479
-1.8656249999999999,4.536411485443113,0.20677090232546103,-0.009479751745481498,-0.00745588718256091
-1.859375,4.528572614399034,0.21028442189114166,-0.009746567791774973,-0.007647243634070485
-1.853125,4.520736509767335,0.2137974303540716,-0.0100163851302736,-0.00784003960721348
-1.846875,4.512903319668475,0.21730986080252193,-0.010289187264145308,-0.008034250992697726
-1.840625,4.50507318612314,0.220821648628845,-0.010564958139042492,-0.008229854123257318
-1.8343749999999999,4.4972462453641295,0.2243327313915496,-0.010843682099265235,-0.008426825741858065
-1.828125,4.489422628119992,0.22784304868273303,-0.011125343818118819,-0.008625142960084126
-1.821875,4.481602459895832,0.23135254201238112,-0.011409928229073846,-0.00882478321982755
-1.815625,4.473785861289376,0.23486115472708108,-0.011697420482908807,-0.009025724269510326
-1.809375,4.465972948353094,0.23836883196755082,-0.011987805945577575,-0.009227944160172865
-1.8031249999999999,4.4581638329703575,0.24187552064864712,-0.012281070236795802,-0.009431421259522801
-1.796875,4.450358623192754,0.2453811694350324,-0.012577199296151479,-0.009636134276336202
-1.790625,4.442557423502402,0.24888572869329223,-0.012876179456375106,-0.009842062285226704
-1.7843749999999998,4.4347603350002265,0.25238915041897736,-0.013177997503637112,-0.0100491847429795
-1.778125,4.426967455547015,0.25589138814977747,-0.013482640710912572,-0.010257481491249172
-1.7718749999999999,4.419178879882205,0.2593923968757623,-0.013790096839365435,-0.010466932744755594
-1.765625,4.411394699725916,0.26289213294894626,-0.014100354111027634,-0.010677519067691772
-1.759375,4.40361500385592,0.2663905539880783,-0.014413401161509085,-0.010889221343043643
-1.7531249999999998,4.395839878155677,0.2698876187767376,-0.014729226983323861,-0.011102020739816835
-1.746875,4.388069405645128,0.2733832871601613,-0.015047820869245717,-0.011315898682217388
-1.7406249999999999,4.380303666515527,0.27687751995070436,-0.015369172362269822,-0.011530836823323256
-1.734375,4.372542738183272,0.28037027884884574,-0.015693271215669356,-0.011746817024316718
-1.728125,4.364786695362764,0.283861526379401,-0.01602010736417063,-0.011963821339257302
-1.7218749999999998,4.357035610148969,0.28735122583813527,-0.016349670905626723,-0.012181832004697014
-1.715625,4.349289552105076,0.29083934124611843,-0.01668195209145909,-0.012400831433020527
-1.7093749999999999,4.3415485883627545,0.2943258373149728,-0.01701694132320662,-0.012620802208086902
-1.703125,4.333812783747847,0.2978106794287221,-0.01735462915171242,-0.012841727081544957
-1.696875,4.326082200934186,0.30129383364317536,-0.017695006275069616,-0.013063588968209985
-1.6906249999999998,4.3183569006083875,0.30477526669429417,-0.018038063531841123,-0.013286370939267636
-1.684375,4.310636941614323,0.30825494600023,-0.01838379188746256,-0.013510056212835558
-1.6781249999999999,4.302922381050359,0.3117328396438078,-0.018732182413905483,-0.013734628142405728
-1.671875,4.295213274314477,0.3152089163329154,-0.019083226265043676,-0.013960070204606358
-1.665625,4.287509675118434,0.3186831453489156,-0.01943691465199312,-0.014186365988256198
-1.6593749999999998,4.27981163550508,0.3221554964996065,-0.019793238823404922,-0.014413499186653987
-1.653125,4.2721192058946595,0.32562594008933526,-0.020152190055105757,-0.014641453594462051
-1.6468749999999999,4.26443243516211,0.32909444690736456,-0.0205137596517973,-0.014870213109597508
-1.640625,4.25675137072438,0.332560988224261,-0.020877938961227395,-0.015099761739527392
-1.634375,4.249076058609857,0.33602553578250977,-0.02124471939893296,-0.015330083610539136
-1.6281249999999998,4.241406543495788,0.3394880617739649,-0.02161409247982817,-0.015561162978088676
-1.621875,4.23374286872359,0.34294853880840115,-0.02198604985187344,-0.015792984236264462
-1.6156249999999999,4.226085076318736,0.3464069398855557,-0.022360583326915186,-0.01602553192467951
-1.609375,4.218433207037797,0.3498632383813995,-0.022737684904479798,-0.01625879073162622
-1.603125,4.210787300443221,0.35331740804877443,-0.02311734678568171,-0.016492745493008016
-1.5968749999999998,4.203147394982215,0.356769423020943,-0.023499561376264525,-0.016727381187316818
-1.590625,4.1955135280385445,0.36021925780288305,-0.023884321279823782,-0.01696268292765027
-1.5843749999999999,4.187885735940364,0.3636668872422048,-0.024271619284061553,-0.017198635952305488
-1.578125,4.180264053932666,0.36711228648388683,-0.024661448344074917,-0.017435225615666107
-1.571875,4.172648516140041,0.37055543092157067,-0.025053801566800163,-0.017672437380814088
-1.5656249999999998,4.1650391555449024,0.373996296157773,-0.02544867219972611,-0.01791025681457485
-1.559375,4.157436003993271,0.37743485797899723,-0.02584605362510575,-0.018148669584754702
-1.5531249999999999,4.14983909223082,0.3808710923468933,-0.026245939358625556,-0.01838766145845765
-1.546875,4.1422484499749235,0.38430497540807523,-0.026648323049503875,-0.018627218299864464
-1.540625,4.134664106038278,0.3877364835299282,-0.027053198477840407,-0.018867326065866455
-1.5343749999999998,4.127086088519125,0.39116559336972345,-0.027460559545082072,-0.019107970798463186
-1.528125,4.11951442505183,0.39459228197407054,-0.027870400254738026,-0.01934913861370007
-1.5218749999999999,4.111949143076392,0.39801652688861733,-0.028282714682740528,-0.019590815687914254
-1.515625,4.104390270058648,0.4014383062447298,-0.028697496939551162,-0.019832988242937208
-1.509375,4.096837833595699,0.40485759879102323,-0.029114741128562275,-0.020075642532418534
-1.5031249999999998,4.0892918613765,0.4082743838549227,-0.029534441306803966,-0.020318764831411776
-1.496875,4.081752381017878,0.41168864124406485,-0.029956591453915417,-0.020562341430742898
-1.4906249999999999,4.0742194198342165,0.4151003511160662,-0.030381185453683242,-0.02080635863660545
-1.484375,4.066693004607108,0.4185094938491382,-0.03080821708965287,-0.021050802774596235
-1.478125,4.059173161400688,0.421916049935937,-0.031237680053255272,-0.021295660196449635
-1.4718749999999998,4.051659915437282,0.4253199999075576,-0.03166956796052551,-0.021540917287381535
-1.465625,4.04415329102509,0.42872132428338716,-0.03210387437251256,-0.021786560472332774
-1.4593749999999999,4.03665331152463,0.43212000354000685,-0.03254059281512793,-0.022032576220299846
-1.453125,4.0291599993472955,0.4355160180960161,-0.032979716795984965,-0.02227895104699684
-1.446875,4.021673375987478,0.4389093483137282,-0.03342123981798994,-0.022525671516891412
-1.4406249999999998,4.014193462089283,0.4422999745187386,-0.03386515539129388,-0.022772724245886965
-1.434375,4.006720277541217,0.4456878770344483,-0.034311457046055815,-0.02302009590557877
-1.4281249999999999,3.9992538415836356,0.44907303622423284,-0.03476013834818361,-0.023267773229267368
-1.421875,3.9917941729122743,0.45245543253290194,-0.03521119291901636,-0.023515743019095148
-1.415625,3.9843412897688513,0.45583504652259266,-0.03566461445830269,-0.023763992153058983
-1.4093749999999998,3.976895210021568,0.4592118589041438,-0.036120396768330676,-0.024012507590452765
-1.403125,3.9694559512472467,0.46258585056931284,-0.03657853377612168,-0.024261276374501463
-1.3968749999999999,3.962023530825757,0.4659570026289166,-0.03703901955045895,-0.024510285631475833
-1.390625,3.9545979660465855,0.46932529645665083,-0.03750184831113673,-0.02475952256622555
-1.384375,3.9471792742116394,0.47269071373066196,-0.037967014428980685,-0.02500897445466782
-1.3781249999999998,3.9397674727066834,0.47605323645905046,-0.038434512416615274,-0.025258628634196624
-1.371875,3.9323625790126036,0.4794128469749224,-0.038904336911307416,-0.025508472493174325
-1.3656249999999999,3.9249646106394382,0.4827695278923861,-0.03937648265222765,-0.025758493460650705
-1.359375,3.9175735849863096,0.4861232620250293,-0.03985094445500255,-0.02600867899725714
-1.353125,3.910189519151265,0.48947403227896347,-0.040327717186411094,-0.026259016587940734
-1.3468749999999998,3.9028124297286793,0.49282182153941345,-0.04080679574161662,-0.026509493736857147
-1.340625,3.8954423326335528,0.4961666125708466,-0.041288175025553375,-0.026760097964405153
-1.3343749999999999,3.8880792429827924,0.4995083879459843,-0.04177184993916547,-0.027010816806115487
-1.328125,3.8807231750474793,0.5028471300109714,-0.042257815370346785,-0.027261637812901814
-1.321875,3.8733741422734704,0.5061828208854559,-0.04274606618878425,-0.027512548552088026
-1.3156249999999998,3.866032157354642,0.5095154424897629,-0.04323659724349348,-0.027763536608629874
-1.309375,3.8586972323369495,0.5128449765879648,-0.04372940336172405,-0.028014589586047738
-1.3031249999999999,3.8513693787313055,0.5161714048356437,-0.04422447934806539,-0.028265695106758235
-1.296875,3.84404860761871,0.5194947088237137,-0.044721819982887545,-0.02851684081170085
-1.290625,3.836734929738835,0.5228148701137013,-0.04522142001969415,-0.028768014359377335
-1.2843749999999998,3.8294283555610327,0.5261318702638167,-0.04572327418141853,-0.029019203424603776
-1.278125,3.822128895341658,0.5294456908477123,-0.046227377156088365,-0.02927039569738149
-1.2718749999999999,3.814836559172485,0.5327563134683055,-0.04673372359255279,-0.029521578882297214
-1.265625,3.8075513570223665,0.5360637197677436,-0.04724230809707125,-0.029772740698781962
-1.259375,3.8002732987708923,0.5393678914326916,-0.047753125231510304,-0.030023868882390583
-1.2531249999999998,3.793002394230667,0.542668810193076,-0.048266169513723145,-0.030274951187069812
-1.246875,3.785738653156427,0.5459664578130812,-0.04878143542041827,-0.030525975388214336
-1.2406249999999999,3.778482085243202,0.5492608160751542,-0.04929891739252312,-0.030776929286170707
-1.234375,3.771232700119805,0.5525518667599153,-0.04981860984274145,-0.0310278007097779
-1.228125,3.763990507345544,0.5558395916256886,-0.0503405071647165,-0.03127857751951875
-1.2218749999999998,3.7567555164159536,0.5591239723903745,-0.05086460374300877,-0.03152924760989719
-1.215625,3.749527736778659,0.5624049907160873,-0.05139089396298303,-0.03177979891075409
-1.2093749999999999,3.7423071778560013,0.5656826281947878,-0.05191937221972045,-0.03203021938738146
-1.203125,3.735093849069161,0.5689568663323511,-0.05245003292525676,-0.03228049703946598
-1.196875,3.7278877598603026,0.5722276865295806,-0.052982870513716696,-0.03253061989907211
-1.1906249999999998,3.7206889197133726,0.575495070061104,-0.05351787944425602,-0.03278057602801658
-1.184375,3.7134973381782217,0.5787589980553441,-0.05405505420201706,-0.03303035351505125
-1.1781249999999999,3.70631302490374,0.5820194514796071,-0.05459438929750043,-0.03327994047324192
-1.171875,3.6991359896827145,0.5852764111329127,-0.055135879264797585,-0.03352932503781411
-1.165625,3.6919662425047974,0.5885298576460536,-0.055679518659063884,-0.033778495364545774
-1.1593749999999998,3.6848037936071916,0.5917797714848488,-0.05622530205339932,-0.03402743962860402
-1.153125,3.6776486535087973,0.5950261329504689,-0.05677322403511288,-0.03427614602357347
-1.1468749999999999,3.6705008330155113,0.5982689221714635,-0.0573232792012137,-0.034524602760357986
-1.140625,3.6633603431918207,0.6015081190857923,-0.05787546215290203,-0.03477279806568663
-1.134375,3.656227195304819,0.604743703416438,-0.058429767488900636,-0.03502072018007019
-1.1281249999999998,3.649101400756548,0.6079756546487449,-0.058986189797585596,-0.03526835735521487
-1.121875,3.6419829710250617,0.6112039520191822,-0.05954472364802446,-0.03551569785104203
-1.1156249999999999,3.6348719176319206,0.6144285745227264,-0.060105363580126484,-0.03576272993256186
-1.109375,3.627768252145504,0.617649500940232,-0.060668104094185785,-0.036009441866885275
-1.103125,3.6206719862195973,0.6208667098801878,-0.0612329396401365,-0.036255821920652936
-1.0968749999999998,3.613583131660066,0.6240801798237773,-0.06179986460687982,-0.036501858358140946
-1.090625,3.606501700511904,0.6272898891598645,-0.062368873312116255,-0.03674753944027894
-1.0843749999999999,3.5994277051640786,0.6304958161974747,-0.06293995999320304,-0.03699285342478783
-1.078125,3.5923611584773436,0.6336979391461808,-0.06351311879963145,-0.03723778856759162
-1.071875,3.585302073946398,0.6368962360577103,-0.06408834378774303,-0.03748233312557241
-1.0656249999999998,3.5782504659097483,0.64009068472373,-0.06466562891823385,-0.0377264753606044
-1.059375,3.571206349818229,0.6432812625251775,-0.06524496805685646,-0.03797020354464655
-1.0531249999999999,3.564169742568373,0.6464679462287242,-0.06582635497853791,-0.0382135059655279
-1.046875,3.5571406629026017,0.6496507117271503,-0.06640978337491135,-0.03845637093296439
-1.040625,3.550119131876098,0.6528295337233714,-0.06699524686506292,-0.03869878678431025
-1.0343749999999998,3.5431051733899075,0.6560043853622287,-0.0675827390090972,-0.038940741889564166
-1.028125,3.536098814789405,0.6591752378189777,-0.06817225332394036,-0.03918222465521234
-1.0218749999999999,3.529100087524899,0.6623420598573094,-0.06876378330060676,-0.03942322352655857
-1.015625,3.5221090278661977,0.6655048173716713,-0.06935732242198234,-0.0396637269882518
-1.009375,3.5151256776575637,0.6686634729279277,-0.06995286418009347,-0.039903723562805034
-1.0031249999999998,3.5081500850971867,0.671817985312677,-0.0705504020918773,-0.04014320180699916
-0.9968749999999997,3.5011823055289555,0.6749683090951547,-0.07114992971273902,-0.040382150306225315
-0.9906250000000001,3.494222402245419,0.6781143941972789,-0.07175144064757694,-0.0406205576669874
-0.984375,3.487270447317313,0.6812561854581389,-0.07235492855939613,-0.04085841250791817
-0.9781249999999999,3.4803265224839492,0.6843936221702036,-0.07296038717644501,-0.041095703449898074
-0.9718749999999998,3.473390720155225,0.6875266375568527,-0.07356781030080992,-0.04133241910669834
-0.9656249999999997,3.4664631445885234,0.6906551581560342,-0.07417719181867732,-0.04156854807660982
-0.9593750000000001,3.4595439133201378,0.6937791030729235,-0.07478852569052266,-0.04180407892395199
-0.953125,3.4526331589191495,0.6968983830563655,-0.07540180592971171,-0.04203900014677739
-0.9468749999999999,3.4457310310649567,0.7000128993388267,-0.07601702687630033,-0.04227330029401113
-0.9406249999999998,3.4388376992986474,0.7031225420007321,-0.0766341838400172,-0.04250696838409962
-0.9343749999999997,3.431953359147491,0.7062271869697917,-0.07725327042586952,-0.04273999245335541
-0.9281250000000001,3.425078249143662,0.7093266920037615,-0.07787426993440186,-0.04297235306946488
-0.921875,3.41821264128407,0.7124208855600657,-0.07849718287517925,-0.043204040343818965
-0.9156249999999999,3.411356729412506,0.7155096416369324,-0.07912204804334946,-0.04343507506633242
-0.9093749999999998,3.4045106793428754,0.7185928348419841,-0.07974881670945716,-0.04366541713198646
-0.9031249999999997,3.39767509104378,0.7216701594889219,-0.08037746993138428,-0.04389503776505546
-0.8968750000000001,3.390850445920792,0.724741317038835,-0.08100802891577014,-0.0441239436659407
-0.890625,3.3840372287241154,0.7278060275905313,-0.08164049845518857,-0.04435212847778383
-0.8843749999999999,3.377235914100429,0.7308639876027709,-0.08227486544875823,-0.04457957290674787
-0.8781249999999998,3.370447218029885,0.7339148193927184,-0.08291113039686589,-0.04480626204676087
-0.8718749999999997,3.363671863155984,0.7369580867461177,-0.0835493049350799,-0.0450321951619663
-0.8656250000000001,3.3569107567595946,0.7399932825850365,-0.08418937371474051,-0.045257343580792225
-0.859375,3.350164954782877,0.7430198020611334,-0.08483135797347804,-0.045481707221863024
-0.8531249999999999,3.3434355731651273,0.7460370074761068,-0.08547526086827548,-0.0457052724452608
-0.8468749999999998,3.3367239880991186,0.7490441386041624,-0.0861210771598981,-0.04592801287817007
-0.8406249999999997,3.330031732434292,0.7520403121637032,-0.0867688356204348,-0.046149929251355255
-0.8343750000000001,3.323360474648429,0.7550245897650879,-0.08741854593512569,-0.04637100542368974
-0.828125,3.3167121773402046,0.757995881491581,-0.08807020756301256,-0.04659121169825779
-0.8218749999999999,3.3100890285626905,0.7609529412331267,-0.08872385254193357,-0.046810541909082876
-0.8156249999999998,3.3034933690860964,0.7638944566431151,-0.08937950856739811,-0.04702898545336773
-0.8093749999999997,3.2969277914657975,0.7668189719109273,-0.09003717271633149,-0.04724650231223919
-0.8031250000000001,3.2903951864655707,0.7697248635917674,-0.09069687400629761,-0.04746307227286013
-0.796875,3.2838985293400444,0.772610461544519,-0.0913586538769429,-0.04767868861967742
-0.7906249999999999,3.2774408906100967,0.7754740254986695,-0.09202250048470281,-0.047893297508587084
-0.7843749999999998,3.2710256448807686,0.7783136904843525,-0.09268843363564805,-0.04810686257195265
-0.7781249999999997,3.2646560538448526,0.7811276000062164,-0.09335647355403018,-0.04831935489708199
-0.7718750000000001,3.2583353464283205,0.7839139422552615,-0.09402661265213734,-0.04853071932238627
-0.765625,3.2520666254043524,0.786670981292342,-0.09469883471449769,-0.048740899976338965
-0.7593749999999999,3.2458527818332517,0.7893970992912014,-0.09537311135983353,-0.04894983312643418
-0.7531249999999998,3.2396963765134625,0.7920908549319975,-0.09604940311448562,-0.049157447806582544
-0.7468749999999997,3.2335995330270504,0.7947510521206153,-0.096727648569282,-0.04936366517355363
-0.7406250000000001,3.2275638848951322,0.7973767808173631,-0.0974077627514088,-0.0495683990097006
-0.734375,3.2215905187257485,0.7999674389277425,-0.09808964334738379,-0.04977155696079588
-0.7281249999999999,3.2156799228070985,0.8025227510261346,-0.09877317256669178,-0.04997304221733624
-0.7218749999999998,3.2098320036778967,0.8050427730681937,-0.09945821406554115,-0.05017275499613287
-0.7156249999999997,3.204046109408812,0.8075278707291631,-0.10014461696796984,-0.050370595286217124
-0.7093750000000001,3.198321119146604,0.8099786826722835,-0.10083221795317476,-0.05056646544874073
-0.703125,3.1926555351196177,0.8123960545083461,-0.10152085185646988,-0.05076027217285334
-0.6968749999999999,3.1870475959401476,0.8147809740564392,-0.10221035543392486,-0.05095192882577182
-0.6906249999999998,3.181495411673081,0.8171345019593353,-0.10290057029250857,-0.051141357588610145
-0.6843749999999997,3.1759970878296855,0.8194576981802618,-0.10359134867844252,-0.051328490663140894
-0.6781250000000001,3.1705508377754423,0.8217515593657271,-0.10428255671123779,-0.05151327098607707
-0.671875,3.1651550676344273,0.8240169700312725,-0.10497407628206895,-0.05169565220554265
-0.6656249999999999,3.159808433239749,0.826254673998337,-0.10566580511329077,-0.051875598197100345
-0.6593749999999998,3.1545098681873527,0.828465258583911,-0.10635765787081938,-0.05205308068271865
-0.6531249999999997,3.1492585521422525,0.8306491588009428,-0.10704956480870303,-0.05222807718386179
-0.6468750000000001,3.144053889110425,0.8328066895198296,-0.10774146429384354,-0.05240057083967958
-0.640625,3.138895450140877,0.8349380733245392,-0.10843330220360703,-0.052570547276944234
-0.6343749999999999,3.1337828993781116,0.8370434788670252,-0.10912502781689606,-0.05273799355968946
-0.6281249999999998,3.1287159326673923,0.8391230572975488,-0.10981659059465326,-0.05290289706877978
-0.6218749999999997,3.123694222565974,0.8411769802523599,-0.11050793690283314,-0.0530652455945112
-0.6156250000000001,3.1187174011040524,0.843205451889003,-0.11119901185097746,-0.053225024169416255
-0.609375,3.1137849747996635,0.8452087077557442,-0.11188976202945182,-0.05338221376206871
-0.6031249999999999,3.108896388198572,0.8471870476925369,-0.11258012456852227,-0.053536798619145995
-0.5968749999999998,3.104051011344226,0.8491408160482498,-0.11327003392174226,-0.05368876448452552
-0.5906249999999997,3.099248165460099,0.8510703925696457,-0.11395942214078655,-0.053838101020590196
-0.5843749999999996,3.0944871983770366,0.852976171307431,-0.11464822570411466,-0.05398479666892274
-0.578125,3.0897674044978434,0.8548585074774238,-0.11533639293218328,-0.054128834165687534
-0.5718749999999999,3.085088087728173,0.8567177357527616,-0.11602386751252625,-0.05427020381733387
-0.5656249999999998,3.0804486240742026,0.8585541916449982,-0.11671058778938476,-0.054408906859914355
-0.5593749999999997,3.075848518547452,0.8603682155667443,-0.1173964985221771,-0.05454494646112134
-0.5531249999999996,3.071287315293701,0.8621600909751195,-0.11808156192168784,-0.054678314283492305
-0.546875,3.066764442685993,0.8639300122790863,-0.11876574369274318,-0.05480899944810122
-0.5406249999999999,3.062279378985022,0.8656782015815832,-0.11944898826190548,-0.05493701348792643
-0.5343749999999998,3.057831789742554,0.8674049556674939,-0.12013124433895238,-0.055062368254351804
-0.5281249999999997,3.0534213345430508,0.8691105449797235,-0.12081248391413875,-0.05518505417901262
-0.5218749999999996,3.04904742306236,0.8707951369880743,-0.12149267547419226,-0.05530506160913691
-0.515625,3.0447094818092735,0.8724589504070238,-0.12217175831965112,-0.05542241076526462
-0.5093749999999999,3.0404072243051137,0.8741023227921167,-0.12284968371405584,-0.05553711314159887
-0.5031249999999998,3.0361402479816064,0.8757255279259336,-0.12352643440698612,-0.055649150474193165
-0.49687499999999973,3.0319079020744053,0.877328728078553,-0.12420196969190263,-0.055758529614406804
-0.49062499999999964,3.0277097262550985,0.878912163594583,-0.12487622867912347,-0.05586527934965123
-0.484375,3.023545524708044,0.8804761442631202,-0.1255491848588446,-0.05596939701296747
-0.4781249999999999,3.0194148188473533,0.882020829057251,-0.1262208260794409,-0.0560708697914786
-0.4718749999999998,3.015317097149672,0.883546362711708,-0.12689109816342758,-0.056169733573022504
-0.46562499999999973,3.01125221726597,0.8850529983605818,-0.12755996118963225,-0.05626600328506409
-0.45937499999999964,3.0072198415085922,0.8865409034483244,-0.12822741272431343,-0.056359656362816646
-0.453125,3.0032194481649723,0.8880102034819108,-0.12889341060883153,-0.05645072402919553
-0.4468749999999999,2.999250842151108,0.8894611507084511,-0.12955790403330225,-0.05653923316731284
-0.4406249999999998,2.995313677867475,0.8908939657505681,-0.13022088479430907,-0.056625158543347265
-0.43437499999999973,2.9914073260446665,0.8923088173116387,-0.1308823155218148,-0.05670852373684514
-0.42812499999999964,2.9875314724396835,0.893706017923943,-0.13154213722515698,-0.056789362249814554
-0.421875,2.9836856833809042,0.8950858633400519,-0.132200334066279,-0.056867648756254524
-0.4156249999999999,2.97986922417811,0.8964485778616695,-0.13285686970949767,-0.05694340570418136
-0.4093749999999998,2.9760817272228137,0.8977945205305323,-0.1335116847787588,-0.05701667020641115
-0.40312499999999973,2.9723226914328285,0.8991239896826388,-0.13416476433866711,-0.05708741769123454
-0.39687499999999964,2.968591409500009,0.9004372136873409,-0.13481607420511624,-0.05715567968141852
-0.390625,2.9648876099995807,0.9017345415956091,-0.13546556497553702,-0.05722149183817184
-0.3843749999999999,2.9612107660895535,0.9030161850197869,-0.13611323009005166,-0.057284833063158846
-0.3781249999999998,2.95756035865551,0.9042823462920268,-0.13675903591776678,-0.05734574976412552
-0.37187499999999973,2.9539362081083613,0.9055333152009635,-0.1374029501452251,-0.057404262119337565
-0.36562499999999964,2.9503377621690254,0.906769219940657,-0.13804496937298977,-0.05746036413588979
-0.359375,2.946764737404515,0.9079902814111686,-0.138685056839105,-0.05751411093387268
-0.3531249999999999,2.9432168753963652,0.9091967163920768,-0.13932319625906336,-0.05756549736838286
-0.3468749999999998,2.939693624824084,0.9103886521628973,-0.13995937487803412,-0.057614544785659416
-0.34062499999999973,2.936194838841125,0.911566366982988,-0.1405935556235639,-0.057661298126395616
-0.33437499999999964,2.932720030079981,0.9127300110409982,-0.14122573146562267,-0.057705741482429865
-0.328125,2.929268822036173,0.9138797925229407,-0.14185587421509854,-0.057747923996428814
-0.3218749999999999,2.9258409761940243,0.9150159628624768,-0.14248395962297905,-0.05778785519468696
-0.3156249999999998,2.9224359295053963,0.9161386546974144,-0.14310997766391292,-0.05782554660840072
-0.30937499999999973,2.9190535318219353,0.9172481425717071,-0.1437338960515542,-0.05786104814721042
-0.30312499999999964,2.9156933189483456,0.9183445599580836,-0.14435570723023464,-0.057894347753842904
-0.296875,2.9123549968573883,0.919428099138947,-0.14497538973535085,-0.057925494909089936
-0.2906249999999999,2.909038341527323,0.9204989581392868,-0.14559292595634926,-0.057954499779320434
-0.2843749999999998,2.905742900287816,0.9215572439641031,-0.14620830774256047,-0.05798138135562591
-0.27812499999999973,2.9024685819207705,0.9226031957272762,-0.14682151105561636,-0.05800618346987891
-0.27187499999999964,2.899214911553589,0.9236368978292957,-0.1474325307206411,-0.058028899097529806
-0.265625,2.895981736687742,0.9246585688341561,-0.14804134530796648,-0.05804958272533049
-0.2593749999999999,2.8927687060896132,0.9256683492585649,-0.14864794324547337,-0.05806823257695004
-0.2531249999999998,2.8895755063654476,0.9266663967831403,-0.149252310680835,-0.05808488565587448
-0.24687499999999973,2.8864019335202684,0.9276529090379989,-0.14985442982127156,-0.05809956311022872
-0.24062499999999964,2.8832475645611293,0.9286279889563949,-0.15045429308841565,-0.05811227902136683
-0.234375,2.8801123133121953,0.9295918556888603,-0.15105188247643198,-0.058123078143927275
-0.2281249999999999,2.876995751941359,0.930544564540291,-0.15164719383923764,-0.058131956904829564
-0.22187499999999982,2.8738978344943096,0.9314863019520175,-0.15224021426000411,-0.05813897024420507
-0.21562499999999973,2.8708182447348918,0.9324171194211663,-0.15283093977078221,-0.058144115640188385
-0.20937499999999964,2.8677568850065622,0.9333371382914009,-0.15341936311497123,-0.05814743865965159
-0.203125,2.864713555813256,0.9342464438685854,-0.15400547723978647,-0.05814895012680286
-0.1968749999999999,2.8616880530165494,0.9351451264533499,-0.15458927589886,-0.05814867911942645
-0.19062499999999982,2.8586802200813377,0.9360333342725708,-0.1551707461907213,-0.05814665022324685
-0.18437499999999973,2.855689700138524,0.9369111713694139,-0.155749877570973,-0.0581428760893154
-0.17812499999999964,2.8527163226362027,0.9377788681983205,-0.15632665097003248,-0.05813739399803977
-0.171875,2.849759588696597,0.9386365562032006,-0.1569010506610486,-0.05813020331642271
-0.1656249999999999,2.84681930819188,0.9394845177566261,-0.1574730562263552,-0.05812135247110462
-0.15937499999999982,2.8438949579696504,0.9403228856563045,-0.15804265151014393,-0.05811083528646432
-0.15312499999999973,2.8409863763042154,0.9411519089004835,-0.15860982281730235,-0.058098703695524376
-0.14687499999999964,2.8380931642457963,0.9419716749509794,-0.15917456169332822,-0.05808495790708283
-0.140625,2.8352152685062784,0.942782327182565,-0.15973686636076054,-0.058069646919326146
-0.1343749999999999,2.832352482009588,0.9435838712302567,-0.16029673939215486,-0.05805277950571225
-0.12812499999999982,2.8295048715990125,0.9443763414285172,-0.16085418895663733,-0.0580343993119196
-0.12187499999999973,2.8266723745301965,0.9451596901081147,-0.16140922330470092,-0.058014520499641994
-0.11562499999999964,2.8238550754887206,0.9459339066613328,-0.16196185122952156,-0.0579931786710603
-0.109375,2.821052926251399,0.9466989734224122,-0.16251207623905256,-0.05797039057770259
-0.10312499999999991,2.81826588873727,0.9474549218549954,-0.16305989746588795,-0.05794618172779875
-0.09687499999999982,2.8154938099932734,0.9482018365248172,-0.16360530662700712,-0.0579205708936689
-0.09062499999999973,2.8127364583342485,0.9489398378606396,-0.16414828957585087,-0.057893574497084044
-0.08437499999999964,2.809993552077149,0.94966912031596,-0.16468882794720513,-0.05786521504129666
-0.078125,2.807264709190645,0.9503898719753131,-0.1652268992577342,-0.05783550350716235
-0.07187499999999991,2.8045495872010706,0.9511023445981291,-0.16576248318546055,-0.05780446800900091
-0.06562499999999982,2.801847757558715,0.9518067370914146,-0.16629555722174488,-0.05777211793620202
-0.059374999999999734,2.799158896298291,0.9525032986007913,-0.16682610611179316,-0.057738486879478884
-0.053124999999999645,2.7964825996753353,0.9531922028867956,-0.16735411171931747,-0.0577035846342687
-0.046875,2.7938185810918554,0.9538736769617924,-0.1678795646766128,-0.05766744818721496
-0.04062499999999991,2.7911664602915036,0.9545478783016068,-0.16840244960938294,-0.05763008786200731
-0.03437499999999982,2.7885259494848924,0.9552150301816988,-0.1689227593823338,-0.0575915414896051
-0.028124999999999734,2.7858966606153994,0.9558753011756582,-0.16944047814292626,-0.05755181996390083
-0.021874999999999645,2.7832782739874666,0.9565289251025021,-0.16995559879129785,-0.057510960555050256
-0.015625,2.7806704026496964,0.9571760835012091,-0.17046810572026844,-0.05746897603732443
-0.009374999999999911,2.778072725302156,0.957816996818419,-0.17097799474021735,-0.05742590298696075
-0.0031249999999998224,2.7754849274747793,0.9584518211272558,-0.1714852561644874,-0.05738175815195459
0.0031250000000002665,2.772906765187919,0.9590807092834961,-0.17198989450597177,-0.05733657733409668
0.009375000000000355,2.770338085052789,0.9597037406510026,-0.17249191217232712,-0.05729038259068506
0.015625,2.7677787860792247,0.9603209561620628,-0.17299132548152038,-0.05724320755227568
0.02187500000000009,2.765228913664963,0.9609323362452458,-0.17348815031609033,-0.05719507895236689
0.028125000000000178,2.76268850912735,0.9615378103097648,-0.17398241184264068,-0.05714602580779584
0.034375000000000266,2.7601577734467453,0.9621372854651127,-0.17447413444727727,-0.05709607724207302
0.040625000000000355,2.7576368212981395,0.9627306257491168,-0.17496334426358942,-0.05704525533893803
0.046875,2.7551259120048828,0.963317722189197,-0.17545006598828294,-0.05699358913315717
0.05312500000000009,2.7526251414001406,0.9638984357881174,-0.17593431870984444,-0.056941093006723925
0.05937500000000018,2.750134735646945,0.9644726951163063,-0.1764161209533034,-0.0568877945987347
0.06562500000000027,2.747654709531249,0.9650404010966335,-0.17689548093330437,-0.05683370164203433
0.07187500000000036,2.745185215634344,0.9656015422608917,-0.177372409516257,-0.05677884076585124
0.078125,2.7427261807143233,0.9661560663409362,-0.1778469053066606,-0.05672321515248245
0.08437500000000009,2.740277696617844,0.9667040116262646,-0.17831897439018882,-0.05666685170645252
0.09062500000000018,2.737839632563973,0.967245355244514,-0.17878860961035137,-0.05660975104851066
0.09687500000000027,2.735412049757676,0.9677801642727764,-0.17925581583320285,-0.056551941248008816
0.10312500000000036,2.7329947854189216,0.9683084305378731,-0.17972058271017455,-0.056493421432674454
0.109375,2.7305878776792376,0.9688302430329856,-0.18018291484600144,-0.056434220778186744
0.11562500000000009,2.7281911264820495,0.9693456125722415,-0.18064279831942298,-0.05637433714838781
0.12187500000000018,2.7258045273174085,0.9698546598314783,-0.1811002361067095,-0.05631380034394618
0.12812500000000027,2.7234278259627285,0.9703574260500625,-0.18155520959226162,-0.056252607257916615
0.13437500000000036,2.7210609659722693,0.9708540663355067,-0.18200771995597353,-0.05619078833034423
0.140625,2.71870365468614,0.971344643173619,-0.18245774574267482,-0.056128340508310164
0.1468750000000001,2.7163558185122643,0.9718293200291115,-0.18290528993073668,-0.05606529547306843
0.15312500000000018,2.71401718479167,0.9723081458438694,-0.18335033327168998,-0.05600165158221303
0.15937500000000027,2.711687714990067,0.9727812550173494,-0.183792884580161,-0.05593744158704888
0.16562500000000036,2.709367193522248,0.9732486636342657,-0.18423292935042457,-0.055872665655200444
0.171875,2.707055602322388,0.9737104841575775,-0.18467047923943286,-0.05580735559655597
0.1781250000000001,2.704752709744638,0.9741667503344033,-0.18510551763526586,-0.05574151193958829
0.18437500000000018,2.7024583830653848,0.9746176405532765,-0.18553804643594943,-0.055675162976026316
0.19062500000000027,2.700172196201362,0.9750633214611756,-0.18596803240436569,-0.05560830772064749
0.19687500000000036,2.6978937232495914,0.9755041527189056,-0.18639545444530115,-0.05554097054913966
0.203125,2.695622214237073,0.9759405156701709,-0.18682025519765474,-0.05547315027523665
0.2093750000000001,2.693356923502546,0.9763729655886991,-0.18724239329100312,-0.05540487121156887
0.21562500000000018,2.691096891820666,0.9768020218935313,-0.1876618022104921,-0.05533613763225448
0.22187500000000027,2.688841316272952,0.9772282621368495,-0.18807844710468619,-0.055266980348401745
0.22812500000000036,2.686589412367796,0.9776520933832386,-0.18849228758543335,-0.055197415229252006
0.234375,2.684340762203538,0.978073830182601,-0.1889033317285196,-0.05512748331069112
0.2406250000000001,2.68209516338155,0.9784935029022596,-0.18931159576918183,-0.055057212159760234
0.24687500000000018,2.679852875044702,0.9789109833550179,-0.18971714653617533,-0.05498664892811368
0.25312500000000027,2.677614361768506,0.9793258698043701,-0.1901200536567507,-0.054915824097445845
0.25937500000000036,2.6753804338502216,0.9797376893472826,-0.19052041958115892,-0.054844780325039005
0.265625,2.673151873882923,0.9801458313013588,-0.19091832717073698,-0.05477353835154825
0.2718750000000001,2.67092958422677,0.9805497920590318,-0.19131386819983742,-0.054702127277041754
0.2781250000000002,2.6687141659755618,0.9809490687269238,-0.191707093144448,-0.05463055115561784
0.28437500000000027,2.6665062246284066,0.9813433846781274,-0.19209805392743967,-0.05455882582665477
0.29062500000000036,2.6643059803136455,0.9817324738458774,-0.1924867566638574,-0.05448694287552715
0.296875,2.662113751785594,0.9821162537854312,-0.19287322626738185,-0.054414912983924646
0.3031250000000001,2.659929651127448,0.9824945501657948,-0.1932574556007829,-0.054342727264415844
0.3093750000000002,2.6577540347805866,0.9828672104044524,-0.19363947674330023,-0.05427039670386148
0.31562500000000027,2.6555873080830286,0.9832339281067732,-0.19401930821978294,-0.05419792004196122
0.32187500000000036,2.6534300900749295,0.9835943128352771,-0.19439700409279004,-0.05412530623696474
0.328125,2.651283122918805,0.9839479112540528,-0.19477260862836754,-0.05405255784596236
0.3343750000000001,2.6491470700370447,0.9842942353370806,-0.19514616888471115,-0.053979673145996554
0.3406250000000002,2.647022603090716,0.9846329557189765,-0.19551771790690348,-0.053906650761767025
0.34687500000000027,2.644909957233434,0.9849638269590396,-0.19588724631434307,-0.05383347312323533
0.35312500000000036,2.6428092059845514,0.9852869055024535,-0.19625474279447597,-0.05376013171938503
0.359375,2.6407199926830596,0.985602416756268,-0.1966201300132751,-0.05368660407334734
0.3656250000000001,2.638641665886879,0.9859107730208624,-0.19698334231873058,-0.053612875827324574
0.3718750000000002,2.636573493261289,0.9862125402324692,-0.1973442870668673,-0.05353893696477144
0.37812500000000027,2.6345145275168695,0.9865082581404582,-0.19770287187842359,-0.053464777970882095
0.38437500000000036,2.6324639878688414,0.9867985052473938,-0.1980590423434455,-0.05339040483514775
0.390625,2.6304211190664337,0.9870837755013538,-0.19841271497588586,-0.05331582249662199
0.3968750000000001,2.6283851301255967,0.9873645132872205,-0.19876384951446496,-0.053241041189770195
0.4031250000000002,2.626355335953642,0.9876412321076444,-0.19911240434785943,-0.05316607726074381
0.40937500000000027,2.6243308450889486,0.9879144794469547,-0.19945829865943426,-0.053090942844285664
0.41562500000000036,2.6223105307372263,0.9881849444693067,-0.19980147872180576,-0.05301565127605716
0.421875,2.6202931310874584,0.9884534970957551,-0.2001418568707783,-0.052940219773057205
0.4281250000000001,2.618277143196507,0.98872109187294,-0.20047931135325978,-0.052864667808541384
0.4343750000000002,2.616260958684431,0.9889887138056623,-0.20081376565763015,-0.05278901844145281
0.44062500000000027,2.6142431957765666,0.9892572812583736,-0.20114515987323695,-0.052713305614718556
0.44687500000000036,2.6122227992172298,0.9895274542950552,-0.2014734373134012,-0.05263757562439659
0.453125,2.610199215193058,0.9897995313916786,-0.20179862445747832,-0.05256188056514812
0.4593750000000001,2.608172545253315,0.9900733655369175,-0.2021208271758203,-0.05248627441262261
0.4656250000000002,2.6061436551649164,0.9903483669383227,-0.20244019573930272,-0.052410815781975595
0.47187500000000027,2.60411402014229,0.9906235123185192,-0.20275690582280026,-0.05233556319813764
0.47812500000000036,2.6020855773786398,0.9908974825060329,-0.20307117886428433,-0.05226056234023718
0.484375,2.600060507180975,0.9911688029818947,-0.20338324943717292,-0.052185841229039104
0.4906250000000001,2.5980409927953287,0.9914359998282689,-0.20369332808755725,-0.052111411184176976
0.4968750000000002,2.5960290382952573,0.9916977663213521,-0.2040015787877237,-0.052037269862520316
0.5031250000000003,2.5940262737275965,0.9919530565762433,-0.20430810700319957,-0.05196340255386153
0.5093750000000004,2.5920338347756946,0.9922011366184785,-0.20461296849644683,-0.05188978058383169
0.515625,2.590052362190029,0.9924416080909992,-0.20491617444304536,-0.05181636526268369
0.5218750000000001,2.588082042928298,0.992674382257748,-0.2052176903187098,-0.05174311598077676
0.5281250000000002,2.586122673129518,0.9928996336412372,-0.20551744536336128,-0.0516699947741057
0.5343750000000003,2.5841737238905527,0.9931177459675019,-0.2058153439228922,-0.05159696832553941
0.5406250000000004,2.5822344053031347,0.9933292691359786,-0.20611127474615124,-0.05152400923346554
0.546875,2.5803037158169313,0.993534884150024,-0.2064051205696486,-0.05145109563288251
0.5531250000000001,2.5783805286863655,0.99373536392035,-0.20669676666412434,-0.0513782117847925
0.5593750000000002,2.5764636562199543,0.9939315040101377,-0.20698609738375434,-0.051305353538185494
0.5656250000000003,2.5745519465574254,0.9941240603047317,-0.20727301397785133,-0.05123252460888185
0.5718750000000004,2.5726444425059882,0.9943136729717577,-0.20755744849620295,-0.051159735601034595
0.578125,2.570740457820182,0.9945007647958559,-0.20783936025796917,-0.05108700910254949
0.5843750000000001,2.5688396726231195,0.9946855258487827,-0.20811875802159274,-0.051014366597724466
0.5906250000000002,2.566942097244656,0.9948679220242668,-0.20839569423356863,-0.050941821509473684
0.5968750000000003,2.565048001726824,0.9950478062526722,-0.20867018167997553,-0.05086942697725587
0.6031250000000004,2.5631573988630025,0.9952250331615392,-0.20894221762785875,-0.05079722957476949
0.609375,2.5612702419103908,0.995399718708504,-0.20921192450800882,-0.05072514405266513
0.6156250000000001,2.55938598241945,0.9955722339004909,-0.2094792169734832,-0.050653215521912875
0.6218750000000002,2.5575032215413485,0.9957434595662773,-0.20974393483928278,-0.050581478758066636
0.6281250000000003,2.5556200208869133,0.995914683416862,-0.21000594470470535,-0.050509904574961184
0.6343750000000004,2.553734217383541,0.9960873356742047,-0.2102650805629187,-0.05043849959267123
0.640625,2.5518438078682997,0.9962627354089617,-0.2105212004638854,-0.05036729942609231
0.6468750000000001,2.5499474035496887,0.9964417715984324,-0.21077424404775116,-0.050296356150412946
0.6531250000000002,2.5480446225528275,0.9966246343158639,-0.2110242676351906,-0.05022572982472248
0.6593750000000003,2.5461362886487806,0.9968106924685646,-0.21127144821720423,-0.05015548490473554
0.6656250000000004,2.544224358519809,0.996998557613433,-0.21151605925158384,-0.050085685131669846
0.671875,2.54231158586047,0.9971863191370893,-0.21175842613048929,-0.05001638348044165
0.6781250000000001,2.5404010135024517,0.9973718903072037,-0.2119988715316762,-0.04994761063931307
0.6843750000000002,2.5384954360017793,0.997553373048814,-0.21223766316342094,-0.04987936818390354
0.6906250000000003,2.536596979757365,0.9977293421733441,-0.21247497706288343,-0.049811629967984584
0.6968750000000004,2.534706907682809,0.9978989738309263,-0.21271088640940183,-0.049744350627174604
0.703125,2.5328256850886497,0.9980619925831177,-0.21294537840498556,-0.04967747712194462
0.7093750000000001,2.530953263570449,0.9982184694743044,-0.21317839248125042,-0.04961095914204593
0.7156250000000002,2.5290894739516894,0.9983685491262378,-0.2134098658473565,-0.04954475579525862
0.7218750000000003,2.5272343891808324,0.9985122021378593,-0.21363977038504658,-0.04947883769730711
0.7281250000000004,2.525388534625712,0.9986490853092912,-0.21386812877923278,-0.04941318474863371
0.734375,2.523552880607486,0.9987785523239722,-0.21409500561793132,-0.049347780774180276
0.7406250000000001,2.521728628885725,0.9988998054065905,-0.21432047781043506,-0.049282607022665396
0.7468750000000002,2.519916873385205,0.9990121317908941,-0.21454459510960952,-0.0492176369891757
0.7531250000000003,2.5181182527581454,0.9991151433098432,-0.21476734397569985,-0.04915283468653148
0.7593750000000004,2.516332707806425,0.9992089411141294,-0.2149886260599919,-0.049088157272688705
0.765625,2.514559414446746,0.9992941577333724,-0.21520825709104074,-0.04902356132122898
0.7718750000000001,2.5127968992988503,0.9993718732872807,-0.21542598483627273,-0.04895901072820741
0.7781250000000002,2.5110432832174654,0.9994434450774907,-0.21564151854430175,-0.04889448381242741
0.7843750000000003,2.509296559848206,0.9995103152987348,-0.21585455902985504,-0.04882997767538344
0.7906250000000004,2.507554814034272,0.9995738622617336,-0.21606481941029415,-0.04876550903383989
0.796875,2.5058163174951753,0.9996353374971824,-0.21627203095382402,-0.04870111203029065
0.8031250000000001,2.5040794928543257,0.9996958938720409,-0.21647593473662907,-0.04863683449902548
0.8093750000000002,2.5023427911519285,0.9997566725270198,-0.21667626544435953,-0.04857273451504193
0.8156250000000003,2.5006045628196434,0.9998188926476465,-0.2168727366670921,-0.04850887870308597
0.8218750000000004,2.4988630059797106,0.9998838860133574,-0.21706503645625183,-0.04844534289311565
0.828125,2.4971162485478637,0.9999530380098304,-0.21725283807589235,-0.048382214616207016
0.8343750000000001,2.4953625724751776,1.000027630702679,-0.21743582523169946,-0.048319596046658045
0.8406250000000002,2.493600736693187,1.0001086194699382,-0.21761372559708336,-0.04825760563470954
0.8468750000000003,2.491830317418665,1.0001964004088444,-0.21778634302319072,-0.04819637696073032
0.8531250000000004,2.490051972171769,1.0002906333522836,-0.2179535784784198,-0.04813605415641971
0.859375,2.4882675495213435,1.0003901735449108,-0.2181154324676789,-0.048076784283417086
0.8656250000000001,2.4864800034658505,1.0004931387818314,-0.2182719864216549,-0.04801870799060824
0.8718750000000002,2.4846931175259543,1.0005971065702992,-0.21842336584326005,-0.04796195032978393
0.8781250000000003,2.4829110868775732,1.0006994061633931,-0.21856969244599134,-0.04790661368012568
0.8843750000000004,2.4811380379944428,1.0007974494888205,-0.21871103510491596,-0.04785277432299313
0.890625,2.4793775784274605,1.0008890369406773,-0.21884736965593873,-0.04780048341918972
0.8968750000000001,2.477632461310205,1.0009725805729166,-0.2189785554384862,-0.04774977216218178
0.9031250000000002,2.4759044202819265,1.0010472078062305,-0.21910433248221597,-0.04770065996873904
0.9093750000000003,2.4741941869195005,1.0011127389538392,-0.2192243382708869,-0.04765316395051408
0.9156250000000004,2.4725016568163465,1.0011695633570161,-0.2193381382634593,-0.04760730771095595
0.921875,2.4708261368431588,1.0012184617620565,-0.21944526123148603,-0.04756312777901849
0.9281250000000001,2.469166595775178,1.001260429223201,-0.21954523024848568,-0.04752067671946415
0.9343750000000002,2.467521855953972,1.0012965413559527,-0.21963758319199378,-0.04748002300175509
0.9406250000000003,2.4658906985330717,1.0013278818372795,-0.21972188177351953,-0.047441248694764356
0.9468750000000004,2.4642718958326078,1.0013555202824977,-0.21979771315639185,-0.04740444653196296
0.953125,2.4626642153079135,1.0013805084302836,-0.2198646909090916,-0.047369717636227375
0.9593750000000001,2.4610664474529385,1.0014038583857832,-0.21992246117318803,-0.04733717037236544
0.9656250000000002,2.4594774888923476,1.0014264819590242,-0.21997071571915378,-0.04730691979189103
0.9718750000000003,2.4578964713331697,1.0014490999497765,-0.22000920779791067,-0.04727908636118779
0.9781250000000004,2.456322882416562,1.001472160600947,-0.22003776247404974,-0.04725379260780542
0.984375,2.454756595563455,1.001495822509384,-0.22005627287201218,-0.047231157393492214
0.9906250000000001,2.4531977459727274,1.0015200509800026,-0.2200646777830479,-0.047211289064322606
0.9968750000000002,2.4516464279651693,1.0015448275852041,-0.2200629250427441,-0.047194280645354345
1.0031249999999998,2.4501022645170636,1.001570450524612,-0.2200509287477143,-0.047180209476051595
1.0093750000000004,2.4485640115095464,1.0015978075821361,-0.2200285369491114,-0.047169140851559994
1.015625,2.447029353092251,1.0016285041131188,-0.21999551274922036,-0.047161118797058164
1.0218750000000005,2.445495082852543,1.0016647422775171,-0.21995155924771304,-0.04715616712875344
1.0281250000000002,2.4439576312383244,1.001708915909781,-0.21989642007199645,-0.047154332970798615
1.0343749999999998,2.4424138027576605,1.0017630524293717,-0.21983004640461093,-0.0471557535251737
1.0406250000000004,2.440861569106996,1.0018282732390182,-0.2197526435789215,-0.04716060576935632
1.046875,2.4393009728551855,1.0019042450805002,-0.2196645988825217,-0.04716898994442999
1.0531250000000005,2.4377347063219768,1.0019888430022612,-0.21956649611231793,-0.047180944973930675
1.0593750000000002,2.4361677051399124,1.002078396490078,-0.21945914908673042,-0.047196512236854976
1.0656249999999998,2.434606054033496,1.0021684287572237,-0.21934350815689255,-0.047215715947590164
1.0718750000000004,2.4330556534307064,1.0022546047422913,-0.21922048743730424,-0.047238521952282675
1.078125,2.4315209114609835,1.0023336673381362,-0.21909079573868517,-0.04726482161529165
1.0843750000000005,2.4300037784470883,1.0024041143074773,-0.21895482828709897,-0.04729444323838887
1.0906250000000002,2.4285034713342,1.0024663857461826,-0.21881265354932306,-0.04732717972212973
1.0968749999999998,2.4270169926956604,1.002522476261825,-0.2186641002059172,-0.047362823225589566
1.1031250000000004,2.425540311058679,1.002575088907447,-0.21850890407690426,-0.04740119527278747
1.109375,2.424069830315175,1.0026266068002156,-0.2183468645216935,-0.04744216364119756
1.1156250000000005,2.4226036566379845,1.0026782217748007,-0.21817795856831407,-0.047485643593190734
1.1218750000000002,2.421142251464825,1.0027295009894137,-0.2180023744574311,-0.04753158461865561
1.1281249999999998,2.419688279698897,1.0027785251932908,-0.21782045587240856,-0.047579946676012966
1.1343750000000004,2.4182457182070225,1.0028225296610185,-0.21763257754619253,-0.04763067588783315
1.140625,2.416818580563658,1.0028588097971733,-0.21743899434485287,-0.04768368777280159
1.1468750000000005,2.4154096895175075,1.0028855706536652,-0.2172397196519542,-0.04773886548857252
1.1531250000000002,2.4140199245069085,1.002902445277553,-0.2170344704375386,-0.04779607367419031
1.1593749999999998,2.412648109635409,1.0029105409589678,-0.21682269716226413,-0.04785518106652156
1.1656250000000004,2.411291495275367,1.0029120770958562,-0.2166036768115927,-0.04791608554073088
1.171875,2.4099465449199564,1.0029098032076638,-0.2163766340280785,-0.04797873156370403
1.1781250000000005,2.4086096646401107,1.002906458973213,-0.21614084516170218,-0.04804311740279016
1.1843750000000002,2.4072776305827173,1.0029044728946397,-0.21589569539187456,-0.04810929203499893
1.1906249999999998,2.405947589908009,1.002905942585255,-0.2156406915279327,-0.04817734098255696
1.1968750000000004,2.404616771115785,1.0029128333642026,-0.21537544167913336,-0.04824737211505212
1.203125,2.4032821489099394,1.0029272059590975,-0.21509963492827677,-0.04831950682054985
1.2093750000000005,2.4019403281834695,1.0029512889744847,-0.2148130484732857,-0.04839387580145155
1.2156250000000002,2.400587766859701,1.002987304624769,-0.21451559380093732,-0.04847061737285033
1.2218749999999998,2.399221299928218,1.003037082442739,-0.21420738685397547,-0.04854988063671979
1.2281250000000004,2.397838838450872,1.0031015989806196,-0.21388881566337192,-0.048631823962243456
1.234375,2.3964398882945694,1.0031805924655524,-0.21356058352746438,-0.04871659780117575
1.2406250000000005,2.3950257691593393,1.0032724507998345,-0.21322369089343624,-0.04880433217402316
1.2468750000000002,2.3935994419632074,1.0033743974841784,-0.21287936022457338,-0.04889511692692109
1.2531249999999998,2.3921649605804385,1.003482893916002,-0.21252891940854526,-0.048988972215889194
1.2593750000000004,2.3907267089731565,1.0035942087732013,-0.21217365747185735,-0.04908584237081391
1.265625,2.3892888096322844,1.0037049471087922,-0.21181468368016715,-0.04918559546744389
1.2718750000000005,2.387854558164169,1.003812377857512,-0.21145283028592451,-0.04928801834719491
1.2781250000000002,2.3864263597706676,1.0039146265515013,-0.21108857566772968,-0.049392853529941355
1.2843749999999998,2.385005778546822,1.00401056621441,-0.2107220268129763,-0.049499803069318934
1.2906250000000004,2.383593870507905,1.004099666482639,-0.21035291512703494,-0.04960856757929913
1.296875,2.3821914810038454,1.0041817702012967,-0.20998061943344226,-0.04971886273899885
1.3031250000000005,2.3807994492260702,1.0042569463155964,-0.2096041912033456,-0.049830440843874266
1.3093750000000002,2.379418638824939,1.0043254463452602,-0.2092223831623209,-0.04994310456398039
1.3156249999999998,2.378049806552934,1.0043877585341736,-0.20883368272567132,-0.050056719076758946
1.3218750000000004,2.3766933896405082,1.0044447099625045,-0.20843635695556068,-0.0501712223938084
1.328125,2.375349315153054,1.0044975223032089,-0.20802851786893883,-0.05028662767914679
1.3343750000000005,2.374016889203835,1.0045478279384024,-0.2076082082018071,-0.050403039556262505
1.3406250000000002,2.3726949848760825,1.0045975275517254,-0.20717350622252886,-0.050520652362704366
1.3468749999999998,2.3713821474748658,1.0046484953124684,-0.20672265782033863,-0.05063973190402325
1.3531250000000004,2.3700771270335386,1.0047023576947063,-0.20625418253942202,-0.05076065261780202
1.359375,2.3687792162381713,1.0047600716766507,-0.20576699604235804,-0.05088384359899817
1.3656250000000005,2.367488466293783,1.004821758889752,-0.20526048032302968,-0.05100978248488542
1.3718750000000002,2.366205614933766,1.0048867961635681,-0.20473450404065907,-0.05113898645328087
1.3781249999999998,2.364931498165948,1.0049541764063494,-0.20418938978776607,-0.05127196984095729
1.3843750000000004,2.363666065467399,1.0050232089366133,-0.2036258229022149,-0.05140920852806226
1.390625,2.3624071141614493,1.0050943693483083,-0.20304474199420902,-0.05155111371144117
1.3968750000000005,2.36114938679443,1.005169997585767,-0.20244724930864094,-0.0516980372045486
1.4031250000000002,2.359884437975335,1.0052543537191054,-0.2018345992691532,-0.05185025066146123
1.4093749999999998,2.358601695402232,1.005352903606672,-0.20120827460456553,-0.052007937256412104
1.4156250000000004,2.357290494248848,1.00547090110107,-0.2005701288035813,-0.052171192351714926
1.421875,2.355942780468095,1.0056116593106907,-0.1999225114620659,-0.05234002965816287
1.4281250000000005,2.3545556126814375,1.0057750300373136,-0.1992682797618367,-0.05251429224625478
1.4343750000000002,2.3531319139542903,1.005956724689846,-0.19861063189757922,-0.05269355651107297
1.4406249999999998,2.351680340986407,1.0061491513136909,-0.19795271278534643,-0.05287712657576525
1.4468750000000004,2.3502129316433127,1.0063428666987735,-0.19729709651216043,-0.05306387851320374
1.453125,2.3487423509376417,1.0065289499491352,-0.1966451763685212,-0.053252307453570374
1.4593750000000005,2.3472787234106574,1.0067010176330828,-0.19599672770232246,-0.05344058701207315
1.4656250000000002,2.3458282539367783,1.0068566482073302,-0.1953496688135078,-0.053626806304468436
1.4718749999999998,2.3443924122396362,1.0069973819602296,-0.19470011171594706,-0.05380907107409502
1.4781250000000004,2.34296916037705,1.0071279734116338,-0.1940426302212439,-0.05398591092891154
1.484375,2.341555053372793,1.0072545989269432,-0.19337069713853683,-0.054156537561233634
1.4906250000000005,2.3401479050928526,1.0073828140737937,-0.1926772128129292,-0.05432114910203753
1.4968750000000002,2.3387490333021947,1.0075156239899186,-0.19195502537548115,-0.05448115842006268
1.5031249999999998,2.337364580377268,1.007652352771974,-0.1911974037077776,-0.054639256694622225
1.5093750000000004,2.336005399862482,1.0077885973000802,-0.19039851300224658,-0.054799186940289624
1.515625,2.334684461420143,1.0079172767322957,-0.18955385321594886,-0.0549653102544697
1.5218750000000005,2.3334136006959016,1.008031002102896,-0.18866053614688322,-0.05514214132959834
1.5281250000000002,2.3321994235249903,1.0081244412669395,-0.18771756904401452,-0.05533353017202598
1.5343749999999998,2.3310401948511714,1.0081963802451614,-0.1867261325911777,-0.05554197127377687
1.5406250000000004,2.3299247376817265,1.0082504572307998,-0.18568984563615074,-0.055768013027876026
1.546875,2.328833946624692,1.0082942676695725,-0.18461493914223734,-0.0560098962493061
1.5531250000000005,2.327744140432088,1.00833721308491,-0.18351023898868046,-0.05626347435666332
1.5593750000000002,2.3266319404497873,1.0083880225915858,-0.18238678729487706,-0.05652243572780172
1.5656249999999998,2.3254777310468873,1.0084525047294381,-0.1812570061997966,-0.05677877264123697
1.5718750000000004,2.324268608845171,1.0085330182150742,-0.1801333088700422,-0.05702369810019059
1.578125,2.3229985340361274,1.0086286633125514,-0.17902641179016,-0.05724853546933814
1.5843750000000005,2.3216675239137894,1.008736918364109,-0.17794350783027035,-0.05744623952134063
1.5906250000000002,2.320279904606129,1.008855246243086,-0.1768864715733839,-0.05761313417582231
1.5968749999999998,2.3188421629755886,1.008982226720242,-0.1758503366149229,-0.057750856540539554
1.6031250000000004,2.317361959864696,1.009118150613926,-0.17482264714846557,-0.05786759904937727
1.609375,2.315847925920407,1.0092651129499484,-0.17378459537208174,-0.05797776434413733
1.6156250000000005,2.3143086080855495,1.0094255545027317,-0.1727138711336103,-0.05810016758197318
1.6218750000000002,2.3127519085583934,1.00960100218745,-0.1715879765922687,-0.05825606860138933
1.6281249999999998,2.311185214135993,1.009790701877937,-0.17038781922147345,-0.05846624383477639
1.6343750000000004,2.3096149989440447,1.0099904654732885,-0.1691018640494693,-0.05874695884884017
1.640625,2.3080447115215708,1.010191948619181,-0.1677305782574607,-0.05910488562694602
1.6468750000000005,2.3064750632126128,1.0103849528689415,-0.16628956997293254,-0.0595321539194254
1.6531250000000002,2.3049018033026907,1.0105583844801869,-0.1648084390549444,-0.060003822665858936
1.6593749999999998,2.303317794153451,1.0107018573161568,-0.1633229914869309,-0.0604803524416944
1.6656250000000004,2.301727681312634,1.010814496318324,-0.16186272322114842,-0.06091756192871056
1.671875,2.300125855720927,1.0108966402154056,-0.16043815720053678,-0.061282394369019964
1.6781250000000005,2.2985089279795883,1.010946827153381,-0.15903773905240437,-0.06155339062637155
1.6843750000000002,2.296907273431227,1.0109754878126298,-0.15765133252723257,-0.06169707499243643
1.6906249999999998,2.2953371215819156,1.0109914046010597,-0.1562921733376219,-0.06166773480645523
1.6968750000000004,2.2937808279630563,1.0109931706866382,-0.1549690472627992,-0.061449011665590816
1.703125,2.2922411126310824,1.0109834806460551,-0.1536430879915996,-0.06107283181833308
1.7093750000000005,2.2907526913190734,1.0109658267518635,-0.1522347654858651,-0.060594968966847455
1.7156250000000002,2.2893503251169376,1.010940360690875,-0.1506584671165529,-0.06007779091289299
1.7218749999999998,2.288050459064194,1.0109094066388074,-0.14883938711475558,-0.059589555637893886
1.7281250000000004,2.2868492864732115,1.0108785946742398,-0.1467158458891847,-0.05920546157952676
1.734375,2.285721527002906,1.0108538602150057,-0.14424179734904197,-0.05900506670634785
1.7406250000000005,2.284625303066057,1.0108418472763747,-0.14139762243344237,-0.05906367919644321
1.7468750000000002,2.2834938822244495,1.0108430625716691,-0.1382075289488403,-0.0594384044503012
1.7531249999999998,2.282226588412084,1.0108426058934423,-0.1347571259702447,-0.060149931628347614
1.7593750000000004,2.280752247890856,1.0108451344086382,-0.13120384021101222,-0.06116249902533354
1.765625,2.2789538743509263,1.0108281625306936,-0.12776702861461728,-0.062370008307042014
1.7718750000000005,2.276714904738842,1.0107487142462201,-0.12469268805552357,-0.06359819360875224
1.7781250000000002,2.274352963845879,1.0107265975012927,-0.12221163230177129,-0.06461279311239286
1.7843749999999998,2.2713672963787443,1.0106682629590131,-0.1203954135462644,-0.06529384773945635
1.7906250000000004,2.2678934926697805,1.0105729789880906,-0.1191056086759403,-0.0656071245010189
1.796875,2.264557600191875,1.0105399115943945,-0.11830684157448193,-0.06530835224468332
1.8031250000000005,2.2614882129177376,1.0105211415452307,-0.11790127568510068,-0.06442767362913265
1.8093750000000002,2.258251742360117,1.0104463749460877,-0.11766608618397686,-0.06324602831762752
1.8156250000000007,2.254893056439704,1.0103133186054127,-0.11759560018433722,-0.06170655794191954
1.8218750000000004,2.2517176484334533,1.0101579053058078,-0.11737586848653112,-0.059921765296602134
1.828125,2.248791155306037,1.0099740117377483,-0.11665932515646502,-0.05808091594476913
1.8343750000000005,2.2459442785355144,1.0096960755040112,-0.11533826186683775,-0.05617304228744137
1.8406250000000002,2.2434120550839576,1.009366559250633,-0.1132470634197323,-0.0541587964649268
1.8468750000000007,2.24145400880537,1.0090250672702126,-0.10990580596265628,-0.05232223681503313
1.8531250000000004,2.239941348082751,1.008585891770716,-0.10489443480070981,-0.05106489021699302
1.859375,2.238584104686871,1.0080418395019726,-0.09829715631600117,-0.05048296351493804
1.8656250000000005,2.2370383735183417,1.0073852281159053,-0.0904788214450093,-0.050508216459513346
1.8718750000000002,2.2349530611153927,1.0066386059789354,-0.08199896193703696,-0.05097712836829253
1.8781250000000007,2.2320443055484027,1.0058220335568455,-0.07350107061282213,-0.0516323248350877
1.8843750000000004,2.2282886007365947,1.0049785630950685,-0.06552803000406736,-0.05217810953562259
1.890625,2.2237476766477884,1.0040679252019817,-0.05838417636248247,-0.05238023183468857
1.8968750000000005,2.2184012711854253,1.0030024613230182,-0.05210748043879558,-0.05210258029873492
1.9031250000000002,2.2127592951400885,1.0019538451085954,-0.04667981336108119,-0.05111157436365649
1.9093750000000007,2.2069079891576706,1.000856274057191,-0.0423197110736409,-0.048935169845923276
1.9156250000000004,2.2002246219016657,0.9990937671566639,-0.039240056868830434,-0.045251253401742714
1.921875,2.193949170442826,0.9968991271401607,-0.036981529496341155,-0.040366687671062274
1.9281250000000005,2.190594202729758,0.9963157280601783,-0.03494482983830189,-0.03441567230912715
1.9343750000000002,2.188004100107638,0.9949798217874828,-0.03407912204076835,-0.026790088486256608
1.9406250000000007,2.1574997715300714,0.9787973447942768,-0.03417255940238112,-0.015717110139335168
1.9468750000000004,1.9096452944159092,0.8177545574113768,-0.02864522224821711,-0.0008667071205729362
1.953125,1.2626205345825157,0.2846480879841944,-0.008656573077786854,0.0007713299153976592
1.9593750000000005,1.0180597419552617,0.01838039661557585,-0.00040546257028412655,-0.0000871687309060355
1.9656250000000002,1.0008926173658106,0.0008863446246179358,-0.00001378624436382713,-7.75339787687307e-6
1.9718750000000007,1.00004202656456,0.00004170091010593604,-5.636921147366775e-7,-4.227259171951266e-7
1.9781250000000004,1.0000019763450623,1.9609445113609008e-6,-2.5433013573177733e-8,-2.0722827931565116e-8
1.984375,1.0000000930706239,9.234518989822323e-8,-1.1836225252042146e-9,-9.868030356318675e-10
1.9906250000000005,1.0000000043871373,4.353040652876397e-9,-5.543647742479396e-11,-4.652240788915453e-11
1.9968750000000002,1.0000000001807123,1.7900513270900397e-10,-2.541070511190939e-12,-2.1147546009647336e-12
