-1.0,4.998486172909824,0.0006688084382194813
-0.997997997997998,4.99830597270127,0.000749270145322019
-0.995995995995996,4.998081868880784,0.0008492162183078685
-0.993993993993994,4.997829477944186,0.0009616578099998994
-0.991991991991992,4.9975488965627175,0.0010865479283518678
-0.98998998998999,4.997238161088376,0.0012247599995144278
-0.987987987987988,4.996894971449835,0.0013773166670180584
-0.985985985985986,4.996516917624372,0.0015452885170111881
-0.983983983983984,4.9961015163695786,0.001729777697292458
-0.9819819819819819,4.995646224812519,0.0019319118963636883
-0.97997997997998,4.9951484520114215,0.002152839235648685
-0.977977977977978,4.994605571082851,0.0023937229146932986
-0.975975975975976,4.994014932119094,0.0026557355085829286
-0.973973973973974,4.993373875804523,0.0029400529580850434
-0.9719719719719719,4.99267974758569,0.0032478483170672607
-0.96996996996997,4.991929912231511,0.0035802853298340103
-0.967967967967968,4.991121768608964,0.00393851191581215
-0.965965965965966,4.990252764492867,0.0043236536419599455
-0.963963963963964,4.989320411225361,0.0047368072644878665
-0.9619619619619619,4.98832229804172,0.005179034420943338
-0.95995995995996,4.987256105884096,0.005651355551437007
-0.957957957957958,4.98611962053341,0.006154744123850573
-0.955955955955956,4.9849107449019465,0.006690121232383711
-0.953953953953954,4.983627510344435,0.007258350631941054
-0.9519519519519519,4.982268086863521,0.007860234262832529
-0.94994994994995,4.980830792105622,0.008496508311303675
-0.9479479479479479,4.97931409906492,0.009167839841789446
-0.9459459459459459,4.977716642435864,0.009874824026757573
-0.943943943943944,4.976037223577569,0.010617981989847845
-0.9419419419419419,4.974274814076203,0.011397759267987978
-0.93993993993994,4.9724285579134175,0.012214524888503844
-0.9379379379379379,4.970497772269464,0.013068571048163872
-0.9359359359359359,4.9684819470086214,0.013960113372790208
-0.933933933933934,4.966380742911353,0.014889291728670246
-0.9319319319319319,4.96419398873225,0.015856171550627247
-0.92992992992993,4.9619216771748516,0.016860745646330912
-0.9279279279279279,4.959563959884009,0.017902936432277118
-0.9259259259259259,4.957121141563409,0.01898259855383875
-0.9239239239239239,4.954593673330395,0.0200995218398638
-0.9219219219219219,4.951982145422325,0.02125343454140318
-0.91991991991992,4.94928727936868,0.022444006804217723
-0.9179179179179179,4.946509919741096,0.023670854325639323
-0.9159159159159159,4.943651025589781,0.024933542148038893
-0.9139139139139139,4.940711661669568,0.02623158854346892
-0.9119119119119119,4.9376929895524855,0.02756446894688223
-0.9099099099099099,4.934596258716398,0.028931619898565273
-0.9079079079079079,4.93142279769131,0.030332442959949666
-0.9059059059059059,4.928174005336486,0.03176630857068107
-0.9039039039039038,4.924851342312922,0.03323255981863244
-0.9019019019019019,4.921456322807024,0.034730516098356805
-0.8998998998998999,4.917990506552857,0.03625947663722491
-0.8978978978978979,4.914455491192077,0.03781872387211437
-0.8958958958958959,4.910852905002822,0.03940752666295645
-0.8938938938938938,4.907184400021504,0.041025143332677066
-0.8918918918918919,4.9034516455746315,0.042670824526051566
-0.8898898898898899,4.899656322231603,0.044343815882713584
-0.8878878878878879,4.8958001161838265,0.046043360522006596
-0.8858858858858859,4.8918847140505655,0.04776870133953813
-0.8838838838838838,4.887911798107607,0.04951908311719307
-0.8818818818818819,4.883883041931083,0.051293754449995815
-0.8798798798798799,4.879800106445679,0.053091969494588116
-0.8778778778778779,4.875664636363828,0.054912989545229864
-0.8758758758758759,4.87147825700041,0.05675608444414563
-0.8738738738738738,4.867242571445851,0.05862053383375515
-0.8718718718718719,4.862959158079287,0.06050562825885757
-0.8698698698698699,4.858629568402645,0.062410670127201216
-0.8678678678678678,4.854255325175972,0.06433497453709527
-0.8658658658658659,4.84983792083413,0.06627786998081289
-0.8638638638638638,4.845378816165022,0.06823869893251643
-0.8618618618618619,4.84087943922974,0.07021681832933402
-0.8598598598598599,4.836341184505456,0.07221159995402915
-0.8578578578578578,4.831765412232441,0.07422243072745782
-0.8558558558558559,4.827153447947263,0.07624871291871307
-0.8538538538538538,4.8225065821849915,0.07828986428051973
-0.8518518518518519,4.817826070334056,0.08034531811707839
-0.8498498498498499,4.813113132628296,0.08241452329117335
-0.8478478478478478,4.808368954261614,0.08449694417696701
-0.8458458458458459,4.803594685611582,0.08659206056449664
-0.8438438438438438,4.798791442559264,0.08869936752149217
-0.8418418418418419,4.793960306893396,0.0908183752177382
-0.8398398398398399,4.789102326787984,0.09294860871681102
-0.8378378378378378,4.7842185173431995,0.09508960773964906
-0.8358358358358359,4.77930986118032,0.09724092640404933
-0.8338338338338338,4.774377309082207,0.09940213294383862
-0.8318318318318318,4.769421780671605,0.10157280941113399
-0.8298298298298299,4.764444165120236,0.10375255136479619
-0.8278278278278278,4.759445321882328,0.10594096754788644
-0.8258258258258259,4.754426081446874,0.10813767955665747
-0.8238238238238238,4.749387246103454,0.11034232150335449
-0.8218218218218218,4.744329590717067,0.11255453967485977
-0.8198198198198199,4.739253863507844,0.11477399218899423
-0.8178178178178178,4.734160786832052,0.11700034865008076
-0.8158158158158157,4.729051057961188,0.1192332898051888
-0.8138138138138138,4.723925349856358,0.12147250720230161
-0.8118118118118118,4.718784311935512,0.12371770285149235
-0.8098098098098099,4.7136285708314345,0.12596858889004864
-0.8078078078078078,4.708458731138652,0.12822488725235284
-0.8058058058058057,4.7032753761477535,0.13048632934520707
-0.8038038038038038,4.6980790685658,0.13275265572918166
-0.8018018018018018,4.692870351221769,0.1350236158064728
-0.7997997997997999,4.687649747756143,0.13729896751566015
-0.7977977977977978,4.682417763293949,0.13957847703368517
-0.7957957957957957,4.677174885100712,0.1418619184852939
-0.7937937937937938,4.671921583220909,0.1441490736601284
-0.7917917917917918,4.66665831109867,0.14643973173759695
-0.7897897897897898,4.661385506180531,0.14873368901960074
-0.7877877877877878,4.656103590500196,0.1510307486711552
-0.7857857857857857,4.6508129712453155,0.1533307204689039
-0.7837837837837838,4.645514041306362,0.15563342055749194
-0.7817817817817818,4.6402071798077715,0.157938671213735
-0.7797797797797797,4.634892752621545,0.16024630061849873
-0.7777777777777778,4.6295711128635775,0.16255614263617885
-0.7757757757757757,4.624242601372996,0.16486803660165844
-0.7737737737737738,4.618907547174848,0.16718182711459967
-0.7717717717717718,4.613566267926482,0.16949736384091849
-0.7697697697697697,4.608219070348009,0.17181450132127848
-0.7677677677677678,4.6028662506372235,0.17413309878643335
-0.7657657657657657,4.597508094869411,0.17645301997924207
-0.7637637637637638,4.592144879382449,0.1787741329831727
-0.7617617617617618,4.5867768711476185,0.18109631005711205
-0.7597597597597597,4.581404328126576,0.18341942747629353
-0.7577577577577578,4.576027499614886,0.18574336537915556
-0.7557557557557557,4.570646626572578,0.18806800761994283
-0.7537537537537538,4.5652619419421185,0.1903932416268633
-0.7517517517517518,4.559873670954252,0.19271895826561738
-0.7497497497497497,4.554482031422107,0.1950450517081143
-0.7477477477477478,4.5490872340239905,0.19737141930619578
-0.7457457457457457,4.54368948257527,0.1996979614701913
-0.7437437437437437,4.538288974289737,0.2020245815521287
-0.7417417417417418,4.532885900030844,0.20435118573343236
-0.7397397397397397,4.527480444553186,0.20667768291694102
-0.7377377377377378,4.522072786734604,0.20900398462308456
-0.7357357357357357,4.516663099799257,0.21133000489006248
-0.7337337337337337,4.511251551532019,0.21365566017786863
-0.7317317317317318,4.505838304484535,0.21598086927601584
-0.7297297297297297,4.5004235161732655,0.21830555321481585
-0.7277277277277278,4.49500733926983,0.2206296351800727
-0.7257257257257257,4.489589921783965,0.22295304043105754
-0.7237237237237237,4.484171407239386,0.22527569622163132
-0.7217217217217218,4.478751934842842,0.22759753172439037
-0.7197197197197197,4.47333163964664,0.2299184779577128
-0.7177177177177176,4.467910652704898,0.23223846771558798
-0.7157157157157157,4.462489101223798,0.23455743550011504
-0.7137137137137137,4.457067108706072,0.23687531745656107
-0.7117117117117118,4.451644795089962,0.2391920513108753
-0.7097097097097097,4.4462222768828905,0.24150757630955422
-0.7077077077077076,4.440799667290055,0.24382183316176442
-0.7057057057057057,4.435377076338162,0.24613476398362538
-0.7037037037037037,4.429954610994495,0.248446312244564
-0.7017017017017018,4.424532375281533,0.25075642271565285
-0.6996996996996997,4.4191104703872846,0.25306504141984903
-0.6976976976976976,4.413688994771531,0.2553721155840532
-0.6956956956956957,4.408268044268156,0.25767759359291237
-0.6936936936936937,4.402847712183712,0.25998142494428966
-0.6916916916916918,4.397428089392406,0.2622835602063337
-0.6896896896896897,4.392009264427637,0.26458395097607496
-0.6876876876876876,4.386591323570251,0.26688254983948656
-0.6856856856856857,4.381174350933639,0.26917931033294484
-0.6836836836836837,4.375758428545835,0.2714741869060284
-0.6816816816816818,4.370343636428717,0.2737671348855992
-0.6796796796796797,4.364930052674467,0.27605811044110656
-0.6776776776776776,4.359517753519383,0.27834707055106345
-0.6756756756756757,4.354106813415182,0.2806339729706415
-0.6736736736736737,4.3486973050978905,0.282918776200335
-0.6716716716716717,4.343289299654434,0.2852014394556459
-0.6696696696696697,4.33788286658703,0.2874819226377451
-0.6676676676676676,4.332478073875482,0.2897601863050629
-0.6656656656656657,4.327074988037464,0.2920361916457702
-0.6636636636636637,4.321673674186906,0.2943099004511048
-0.6616616616616617,4.316274196090536,0.29658127508950655
-0.6596596596596597,4.310876616222696,0.29885027848152224
-0.6576576576576576,4.305480995818498,0.3011168740754426
-0.6556556556556556,4.300087394925389,0.3033810258236385
-0.6536536536536537,4.294695872453223,0.30564269815955925
-0.6516516516516517,4.289306486222902,0.3079018559753612
-0.6496496496496497,4.28391929301364,0.3101584646001368
-0.6476476476476476,4.278534348608957,0.3124124897787101
-0.6456456456456456,4.273151707841426,0.3146638976509706
-0.6436436436436437,4.267771424636263,0.31691265473171676
-0.6416416416416417,4.262393552053815,0.3191587278909815
-0.6396396396396397,4.257018142331003,0.32140208433481104
-0.6376376376376376,4.251645246921777,0.3236426915864728
-0.6356356356356356,4.246274916536644,0.32588051746806557
-0.6336336336336337,4.240907201181312,0.3281155300825081
-0.6316316316316316,4.235542150194524,0.33034769779588025
-0.6296296296296297,4.2301798122851055,0.33257698922009626
-0.6276276276276276,4.224820235568292,0.33480337319588455
-0.6256256256256256,4.219463467601389,0.33702681877605134
-0.6236236236236237,4.214109555418792,0.3392472952090093
-0.6216216216216216,4.208758545566441,0.3414647719225467
-0.6196196196196196,4.203410484135724,0.3436792185078173
-0.6176176176176176,4.198065416796896,0.3458906047035305
-0.6156156156156156,4.192723388832048,0.3480989003803212
-0.6136136136136137,4.1873844451676705,0.35030407552527904
-0.6116116116116116,4.182048630406849,0.35250610022661805
-0.6096096096096096,4.176715988861145,0.35470494465846675
-0.6076076076076076,4.171386564582181,0.3569005790657596
-0.6056056056056056,4.166060401392995,0.3590929737492118
-0.6036036036036037,4.160737542919188,0.3612820990503544
-0.6016016016016016,4.155418032619906,0.3634679253366172
-0.5995995995995996,4.150101913818698,0.36565042298643663
-0.5975975975975976,4.144789229734296,0.3678295623743698
-0.5955955955955956,4.13948002351133,0.3700053138561993
-0.5935935935935936,4.1341743382510545,0.37217764775400475
-0.5915915915915916,4.12887221704209,0.37434653434118914
-0.5895895895895895,4.123573702991243,0.37651194382743525
-0.5875875875875876,4.118278839254422,0.3786738463435767
-0.5855855855855856,4.112987669067701,0.38083221192636446
-0.5835835835835836,4.10770023577858,0.38298701050310757
-0.5815815815815816,4.102416582877444,0.3851382118761723
-0.5795795795795795,4.097136754029307,0.38728578570731587
-0.5775775775775776,4.091860793105844,0.38942970150184014
-0.5755755755755756,4.086588744217763,0.3915699285925409
-0.5735735735735736,4.08132065174757,0.39370643612343537
-0.5715715715715716,4.0760565603827486,0.395839193033245
-0.5695695695695695,4.070796515149404,0.3979681680386152
-0.5675675675675675,4.0655405614464115,0.40009332961704963
-0.5655655655655656,4.0602887450801255,0.40221464598953605
-0.5635635635635636,4.055041112299666,0.4043320851028448
-0.5615615615615616,4.049797709832846,0.4064456146114745
-0.5595595595595595,4.0445585849227905,0.40855520185922206
-0.5575575575575575,4.039323785365271,0.4106608138603574
-0.5555555555555556,4.03409335954682,0.41276241728037383
-0.5535535535535536,4.028867356483664,0.41485997841629235
-0.5515515515515516,4.0236458258615295,0.4169534631764953
-0.5495495495495495,4.018428818076375,0.41904283706006085
-0.5475475475475475,4.01321638427608,0.42112806513557727
-0.5455455455455456,4.008008576403174,0.4232091120194026
-0.5435435435435436,4.002805447238627,0.4252859418533495
-0.5415415415415415,3.9976070504467813,0.4273585182817637
-0.5395395395395395,3.9924134406214615,0.4294268044279661
-0.5375375375375375,3.9872246733333325,0.4314907628700325
-0.5355355355355356,3.982040805178554,0.4335503556158774
-0.5335335335335336,3.9768618938287945,0.43560554407761254
-0.5315315315315315,3.9716879980826674,0.43765628904514886
-0.5295295295295295,3.966519177918647,0.43970255065900793
-0.5275275275275275,3.9613554945495255,0.44174428838231294
-0.5255255255255256,3.9561970104784856,0.4437814609719212
-0.5235235235235236,3.951043789556838,0.4458140264486675
-0.5215215215215215,3.9458958970435045,0.4478419420666818
-0.5195195195195195,3.9407533996663076,0.4498651642817447
-0.5175175175175175,3.9356163656851333,0.4518836487186458
-0.5155155155155156,3.9304848649570463,0.45389735013750715
-0.5135135135135136,3.925358969003413,0.455906222399035
-0.5115115115115115,3.9202387510791223,0.45791021842866003
-0.5095095095095095,3.9151242862439566,0.45990929017953047
-0.5075075075075075,3.9100156514362054,0.46190338859431657
-0.5055055055055055,3.9049129255485773,0.46389246356579017
-0.5035035035035035,3.8998161895064976,0.46587646389613635
-0.5015015015015015,3.894725526348854,0.46785533725496153
-0.49949949949949946,3.8896410213112738,0.469829030135957
-0.4974974974974975,3.8845627619119956,0.4717974878121783
-0.49549549549549554,3.8794908380404145,0.47376065428990277
-0.4934934934934935,3.87442534204837,0.47571847226102637
-0.4914914914914915,3.869366368844244,0.4776708830539622
-0.48948948948948945,3.864314015989939,0.47961782658300406
-0.4874874874874875,3.8592683838008006,0.48155924129612016
-0.48548548548548554,3.854229575448546,0.48349506412114235
-0.48348348348348347,3.8491976970672606,0.4854252304103176
-0.4814814814814815,3.8441728578625125,0.48734967388319483
-0.47947947947947944,3.83915517022364,0.4892683265678144
-0.4774774774774775,3.834144749839253,0.49118111874018017
-0.47547547547547553,3.8291417158159904,0.49308797886198913
-0.47347347347347346,3.8241461908005605,0.4949888335166016
-0.4714714714714715,3.8191583011050927,0.49688360734323883
-0.46946946946946944,3.8141781768358083,0.49877222296939855
-0.4674674674674675,3.8092059520250183,0.5006546009414857
-0.4654654654654655,3.8042417647664384,0.5025306596536602
-0.46346346346346345,3.7992857573538,0.5044003152749118
-0.4614614614614615,3.7943380764227204,0.5062634816743805
-0.45945945945945943,3.7893988730957817,0.5081200703449457
-0.4574574574574575,3.7844683031307507,0.5099699903251215
-0.4554554554554555,3.779546527071842,0.5118131481193039
-0.45345345345345345,3.774633710403928,0.5136494476164243
-0.4514514514514515,3.769730023709545,0.5154787900070832
-0.4494494494494494,3.7648356428285483,0.5173010736992432
-0.44744744744744747,3.759950749020219,0.5191161942325835
-0.4454454454454454,3.7550755291276063,0.5209240441916295
-0.44344344344344344,3.7502101757438515,0.5227245131177904
-0.4414414414414415,3.745354887380204,0.524517487420459
-0.4394394394394394,3.7405098686354012,0.5263028502873436
-0.43743743743743746,3.735675330366038,0.5280804815942342
-0.4354354354354354,3.7308514898575122,0.5298502578144207
-0.43343343343343343,3.726038570995073,0.5316120519280103
-0.4314314314314315,3.7212368044344597,0.5333657333314223
-0.4294294294294294,3.716446427771553,0.5351111677473676
-0.42742742742742745,3.7116676857103967,0.536848217135649
-0.4254254254254254,3.7069008302288906,0.5385767396051615
-0.42342342342342343,3.702146120741395,0.5402965893274976
-0.42142142142142147,3.697403824257387,0.5420076164526145
-0.4194194194194194,3.692674215535265,0.5437096670270513
-0.41741741741741745,3.687957577230296,0.5454025829152308
-0.4154154154154154,3.6832542000356208,0.5470862017244313
-0.4134134134134134,3.6785643828151513,0.5487603567340553
-0.41141141141141147,3.6738884327270847,0.5504248768298765
-0.4094094094094094,3.6692266653366863,0.5520795864439944
-0.40740740740740744,3.664579404716872,0.5537243055012881
-0.4054054054054054,3.6599469835350344,0.5553588493732067
-0.4034034034034034,3.6553297431244425,0.5569830288397968
-0.40140140140140146,3.650728033538446,0.5585966500609255
-0.3993993993993994,3.6461422135856028,0.5601995145577153
-0.39739739739739743,3.6415726508437385,0.5617914192052662
-0.39539539539539537,3.6370197216508506,0.5633721562377995
-0.3933933933933934,3.6324838110706414,0.5649415132674209
-0.39139139139139134,3.6279653128303897,0.5664992733177497
-0.3893893893893894,3.6234646292287387,0.5680452148737256
-0.3873873873873874,3.6189821710109165,0.5695791119489448
-0.38538538538538536,3.61451835720879,0.5711007341719443
-0.3833833833833834,3.610073614943092,0.572609846892876
-0.38138138138138133,3.6056483791850873,0.574106211312065
-0.3793793793793794,3.6012430924748946,0.5755895846319755
-0.3773773773773774,3.5968582045936333,0.5770597202341221
-0.37537537537537535,3.5924941721865533,0.5785163678824883
-0.3733733733733734,3.5881514583343077,0.5799592739550087
-0.37137137137137133,3.5838305320695323,0.5813881817046619
-0.36936936936936937,3.579531867835985,0.5828028315516943
-0.3673673673673674,3.575255944887534,0.5842029614084577
-0.36536536536536535,3.571003246624437,0.5855883070382762
-0.3633633633633634,3.5667742598644794,0.5869586024496848
-0.3613613613613613,3.5625694740467346,0.5883135803272768
-0.35935935935935936,3.5583893803659548,0.5896529725002746
-0.3573573573573574,3.5542344708358575,0.5909765104497875
-0.35535535535535534,3.5501052372799164,0.5922839258555436
-0.3533533533533534,3.5460021702486406,0.5935749511826809
-0.3513513513513513,3.541925757862751,0.5948493203089439
-0.34934934934934936,3.5378764845821506,0.596106769192377
-0.3473473473473474,3.533854829901139,0.5973470365792984
-0.34534534534534533,3.5298612669709084,0.5985698647520236
-0.3433433433433434,3.5258962611510087,0.5997750003154458
-0.3413413413413413,3.521960268492209,0.6009621950211891
-0.33933933933933935,3.518053734153905,0.6021312066276393
-0.3373373373373374,3.514177090760076,0.6032817997937081
-0.3353353353353353,3.51033075669862,0.6044137470037187
-0.33333333333333337,3.5065151343698107,0.6055268295203095
-0.3313313313313313,3.5027306083905474,0.6066208383617397
-0.32932932932932935,3.4989775437620128,0.6076955752994655
-0.3273273273273274,3.495256284009317,0.6087508538713176
-0.3253253253253253,3.49156714930268,0.609786500405086
-0.32332332332332336,3.4879104345706438,0.6108023550467936
-0.3213213213213213,3.484286407616735,0.6117982727874273
-0.31931931931931934,3.480695307251879,0.6127741244814121
-0.31731731731731727,3.4771373414556783,0.6137297978496624
-0.3153153153153153,3.4736126855804237,0.6146651984596256
-0.31331331331331336,3.470121480612332,0.6155802506743835
-0.3113113113113113,3.466663831505053,0.6164748985625778
-0.30930930930930933,3.463239805600863,0.6173491067607031
-0.30730730730730726,3.459849431155222,0.6182028612791743
-0.3053053053053053,3.456492695980427,0.6190361702435285
-0.30330330330330335,3.453169546224003,0.6198490645621774
-0.3013013013013013,3.4498798852971326,0.6206415985122901
-0.2992992992992993,3.4466235729679378,0.6214138502356706
-0.29729729729729726,3.4434004246336567,0.6221659221368877
-0.2952952952952953,3.4402102107848163,0.6228979411764457
-0.29329329329329334,3.437052656673306,0.623610059052426
-0.2912912912912913,3.4339274421948525,0.6243024522647987
-0.2892892892892893,3.4308342019947755,0.6249753220574912
-0.28728728728728725,3.4277725258040825,0.6256288942342926
-0.2852852852852853,3.4247419590109636,0.6262634188457752
-0.28328328328328334,3.4217420034705737,0.6268791697455967
-0.28128128128128127,3.4187721185537003,0.6274764440158066
-0.2792792792792793,3.415831722432509,0.6280555612621053
-0.27727727727727725,3.412920193599092,0.6286168627813489
-0.2752752752752753,3.4100368726100405,0.6291607106049818
-0.27327327327327333,3.4071810640477667,0.6296874864234375
-0.27127127127127126,3.4043520386868695,0.6301975903978992
-0.2692692692692693,3.4015490358514726,0.6306914398671015
-0.26726726726726724,3.398771265947261,0.6311694679580754
-0.2652652652652653,3.396017913149893,0.6316321221108667
-0.2632632632632632,3.3932881382296336,0.6320798625282628
-0.26126126126126126,3.3905810814904838,0.6325131605624371
-0.2592592592592593,3.387895865800761,0.6329324970511445
-0.25725725725725723,3.3852315996910938,0.6333383606166574
-0.2552552552552553,3.3825873804950977,0.633731245941005
-0.2532532532532532,3.379962297507669,0.6341116520312868
-0.25125125125125125,3.3773554351358097,0.6344800804888275
-0.2492492492492493,3.374765876017227,0.634837033795776
-0.24724724724724723,3.3721927040826256,0.6351830136323867
-0.24524524524524527,3.3696350075385704,0.635518519237684
-0.2432432432432432,3.3670918817490905,0.6358440458255271
-0.24124124124124124,3.3645624319957235,0.6361600830672373
-0.2392392392392393,3.3620457760974953,0.6364671136509731
-0.23723723723723722,3.3595410468743085,0.6367656119269631
-0.23523523523523526,3.357047394439369,0.6370560426465095
-0.2332332332332332,3.3545639883085534,0.6373388598014411
-0.23123123123123124,3.3520900193169845,0.6376145055693954
-0.22922922922922928,3.349624701335473,0.6378834093689882
-0.2272272272272272,3.3471672727818924,0.638145987027623
-0.22522522522522526,3.344716997924903,0.6384026400633807
-0.2232232232232232,3.3422731679797484,0.6386537550811906
-0.22122122122122123,3.3398351019979864,0.6388997032822744
-0.21921921921921927,3.3374021475550992,0.6391408400847437
-0.2172172172172172,3.3349736812417627,0.6393775048521915
-0.21521521521521525,3.332549108966275,0.6396100207261958
-0.21321321321321318,3.330127866077114,0.6398386945578237
-0.21121121121121122,3.3277094173158983,0.640063816932521
-0.20920920920920927,3.3252932566120723,0.640285662282181
-0.2072072072072072,3.3228789067314994,0.640504489077721
-0.20520520520520524,3.3204659187917747,0.640720540095133
-0.20320320320320318,3.3180538716574963,0.6409340427477516
-0.20120120120120122,3.3156423712289618,0.6411452094773411
-0.19919919919919926,3.3132310496377912,0.641354238196587
-0.1971971971971972,3.310819564362855,0.6415613127756397
-0.19519519519519524,3.308407597279594,0.6417666035655182
-0.19319319319319317,3.3059948536553865,0.641970267951407
-0.1911911911911912,3.3035810611030887,0.6421724509291761
-0.18918918918918914,3.301165968504225,0.6423732856988081
-0.1871871871871872,3.298749344912569,0.6425728942688057
-0.18518518518518523,3.296330978448094,0.6427713880660898
-0.18318318318318316,3.2939106751904093,0.6429688685463488
-0.1811811811811812,3.2914882580799683,0.6431654278002771
-0.17917917917917914,3.2890635658344296,0.6433611491516115
-0.17717717717717718,3.286636451886708,0.6435561077433672
-0.17517517517517522,3.2842067833503603,0.6437503711091334
-0.17317317317317316,3.2817744400171414,0.6439439997267599
-0.1711711711711712,3.2793393133907447,0.6441370475522036
-0.16916916916916913,3.2769013057599734,0.6443295625317278
-0.16716716716716717,3.2744603293138863,0.6445215870910378
-0.16516516516516522,3.272016305300778,0.6447131586003129
-0.16316316316316315,3.269569163232248,0.6449043098144233
-0.1611611611611612,3.2671188401330546,0.6450950692879377
-0.15915915915915912,3.2646652798369438,0.6452854617647975
-0.15715715715715717,3.26220843232821,0.645475508542782
-0.1551551551551552,3.259748253128344,0.6456652278131024
-0.15315315315315314,3.2572847027268015,0.645854634975651
-0.1511511511511512,3.2548177460546346,0.6460437429305842
-0.14914914914914912,3.2523473519994957,0.6462325623470515
-0.14714714714714716,3.249873492960348,0.6464211019099865
-0.1451451451451452,3.2473961444400476,0.6466093685459544
-0.14314314314314314,3.2449152846738754,0.6467973676291199
-0.14114114114114118,3.2424308942920197,0.6469851031684265
-0.1391391391391391,3.239942956013962,0.6471725779771164
-0.13713713713713716,3.2374514543727084,0.647359793825718
-0.1351351351351351,3.2349563754668287,0.6475467515796298
-0.13313313313313313,3.2324577067382787,0.6477334513224114
-0.13113113113113117,3.2299554367740426,0.6479198924658632
-0.1291291291291291,3.227449555129688,0.6481060738479533
-0.12712712712712715,3.2249400521730047,0.6482919938195949
-0.12512512512512508,3.2224269189459727,0.6484776503212479
-0.12312312312312312,3.219910147043399,0.6486630409502582
-0.12112112112112117,3.2173897285066633,0.6488481630198042
-0.1191191191191191,3.2148656557310926,0.6490330136102621
-0.11711711711711714,3.2123379213855974,0.6492175896137538
-0.11511511511511507,3.2098065183432904,0.64940188777258
-0.11311311311311312,3.207271439621908,0.6495859047121972
-0.11111111111111116,3.204732678332954,0.6497696369693367
-0.10910910910910909,3.202190227638556,0.6499530810158222
-0.10710710710710714,3.1996440807151414,0.650136233278588
-0.10510510510510507,3.1970942307230974,0.6503190901563575
-0.10310310310310311,3.194540670781669,0.6505016480333983
-0.10110110110110115,3.191983393948415,0.6506839032907284
-0.09909909909909909,3.189422393202633,0.6508658523151104
-0.09709709709709713,3.1868576614321906,0.651047491506135
-0.09509509509509506,3.1842891914232907,0.6512288172816647
-0.0930930930930931,3.181716975852746,0.6514098260818735
-0.09109109109109115,3.179141007282371,0.6515905143720971
-0.08908908908908908,3.1765612781551704,0.6517708786446766
-0.08708708708708712,3.173977780793026,0.6519509154199613
-0.08508508508508505,3.1713905073956217,0.6521306212466128
-0.0830830830830831,3.1687994500403946,0.6523099927013334
-0.08108108108108114,3.1662046006833124,0.6524890263881281
-0.07907907907907907,3.1636059511603105,0.6526677189371912
-0.07707707707707712,3.161003493189255,0.6528460670034972
-0.07507507507507505,3.1583972183723015,0.653024067265166
-0.07307307307307309,3.1557871181985493,0.6532017164216566
-0.07107107107107113,3.1531731840469117,0.6533790111918392
-0.06906906906906907,3.1505554071891178,0.6535559483119873
-0.06706706706706711,3.1479337787927975,0.6537325245337212
-0.06506506506506504,3.1453082899245906,0.6539087366219337
-0.06306306306306309,3.1426789315532497,0.6540845813527163
-0.06106106106106102,3.1400456945526956,0.6542600555113076
-0.05905905905905906,3.1374085697050025,0.6544351558900783
-0.0570570570570571,3.134767547703301,0.6546098792865599
-0.055055055055055035,3.1321226191545684,0.6547842225015303
-0.05305305305305308,3.129473774582311,0.6549581823371604
-0.05105105105105101,3.1268210044291225,0.6551317555952243
-0.049049049049049054,3.124164299059113,0.6553049390753795
-0.0470470470470471,3.121503648760211,0.6554777295735151
-0.04504504504504503,3.118839043746335,0.6556501238801704
-0.04304304304304307,3.116170474159437,0.6558221187790215
-0.041041041041041004,3.1134979300714165,0.6559937110454369
-0.03903903903903905,3.110821401485916,0.6561648974450984
-0.03703703703703709,3.1081408783399893,0.6563356747326875
-0.03503503503503502,3.105456350505659,0.6565060396506313
-0.033033033033033066,3.102767807791362,0.65667598892791
-0.031031031031030998,3.1000752399432874,0.6568455192789188
-0.02902902902902904,3.0973786366466154,0.657014627402384
-0.027027027027027084,3.094677987526654,0.6571833099803304
-0.025025025025025016,3.091973282149892,0.657351563677096
-0.02302302302302306,3.0892645100249605,0.6575193851383916
-0.02102102102102099,3.086551660603511,0.6576867709904033
-0.019019019019019034,3.083834723281022,0.6578537178389358
-0.017017017017017078,3.0811136873975284,0.6580202222685895
-0.01501501501501501,3.0783885422382813,0.6581862808419774
-0.013013013013013053,3.075659277034349,0.6583518900989697
-0.011011011011010985,3.072925880963151,0.6585170465559723
-0.009009009009009028,3.0701883431489394,0.6586817467052298
-0.00700700700700696,3.067446652663225,0.6588459870141588
-0.005005005005005003,3.0647007985251546,0.6590097639247017
-0.0030030030030030463,3.0619507697018373,0.6591730738527056
-0.0010010010010009784,3.059196555108633,0.6593359131873197
0.0010010010010010895,3.0564381436093946,0.6594982782904134
0.0030030030030030463,3.0536755240166724,0.6596601654960111
0.005005005005005003,3.050908685091883,0.6598215711097447
0.00700700700700696,3.048137615545442,0.6599824914083186
0.009009009009008917,3.0453623040368685,0.6601429226389908
0.011011011011011096,3.0425827391748546,0.6603028610190648
0.013013013013013053,3.039798909517309,0.6604623027353934
0.01501501501501501,3.037010803571374,0.6606212439438939
0.017017017017016967,3.0342184097934184,0.6607796807690698
0.019019019019018923,3.0314217165890036,0.6609376093035454
0.021021021021021102,3.0286207123128315,0.6610950256076039
0.02302302302302306,3.025815385268668,0.6612519257087343
0.025025025025025016,3.0230057237092494,0.6614083056011848
0.027027027027026973,3.020191715836171,0.6615641612455199
0.02902902902902893,3.017373349799754,0.6617194885681842
0.03103103103103111,3.014550613698901,0.6618742834610689
0.033033033033033066,3.0117234955809318,0.662028541781082
0.03503503503503502,3.0088919834414076,0.6621822593497225
0.03703703703703698,3.006056065223941,0.6623354319526552
0.039039039039038936,3.0032157288199888,0.6624880553392894
0.041041041041041115,3.0003709620686383,0.6626401252223579
0.04304304304304307,2.9975217527563784,0.6627916372774971
0.04504504504504503,2.994668088616859,0.6629425871428286
0.047047047047046986,2.991809957330642,0.6630929704185397
0.04904904904904894,2.9889473465249394,0.6632427826664651
0.05105105105105112,2.986080243773344,0.6633920194096675
0.05305305305305308,2.983208636595551,0.6635406761320174
0.055055055055055035,2.980332512457067,0.6636887482777718
0.05705705705705699,2.977451858768917,0.6638362312511518
0.05905905905905895,2.9745666628873355,0.6639831204159179
0.06106106106106113,2.971676912113457,0.6641294110949446
0.06306306306306309,2.9687825936929957,0.6642750985697908
0.06506506506506504,2.9658836948159153,0.6644201780802702
0.067067067067067,2.962980202616098,0.6645646448240164
0.06906906906906896,2.9600721041710027,0.6647084939560476
0.07107107107107113,2.9571593865013166,0.6648517205883255
0.07307307307307309,2.9542420365706024,0.6649943197893143
0.07507507507507505,2.951320041284938,0.6651362865835323
0.077077077077077,2.9483933874925508,0.665277615951103
0.07907907907907896,2.945462061983447,0.6654183028273004
0.08108108108108114,2.9425260514890326,0.6655583421020909
0.0830830830830831,2.9395853426817338,0.6656977286196704
0.08508508508508505,2.9366399221746056,0.665836457177998
0.08708708708708701,2.9336897765209415,0.6659745225283239
0.08908908908908897,2.930734892213874,0.6661119193747133
0.09109109109109115,2.9277752556859715,0.6662486423735647
0.0930930930930931,2.9248108533088297,0.6663846861331245
0.09509509509509506,2.92184167139266,0.6665200452129938
0.09709709709709702,2.9188676961858677,0.6666547141236332
0.0990990990990992,2.9158889138746353,0.6667886873258584
0.10110110110110115,2.9129053105824907,0.6669219592303326
0.10310310310310311,2.9099168723698776,0.6670545241970528
0.10510510510510507,2.9069235852337174,0.6671863765348288
0.10710710710710702,2.9039254351069714,0.6673175105007574
0.1091091091091092,2.9009224078581926,0.667447920299689
0.11111111111111116,2.8979144892910766,0.6675776000836898
0.11311311311311312,2.8949016651440087,0.6677065439514952
0.11511511511511507,2.8918839210896032,0.6678347459479578
0.11711711711711703,2.8888612427342437,0.667962200063488
0.11911911911911921,2.8858336156176123,0.6680889002334883
0.12112112112112117,2.882801025212221,0.6682148403377793
0.12312312312312312,2.879763456922933,0.6683400142000205
0.12512512512512508,2.8767208960864856,0.6684644155871204
0.12712712712712704,2.873673327971002,0.668588038208643
0.12912912912912922,2.8706207377755053,0.6687108757162035
0.13113113113113117,2.867563110629423,0.6688329217028575
0.13313313313313313,2.8645004315920897,0.6689541697024827
0.1351351351351351,2.8614326856522454,0.6690746131891516
0.13713713713713704,2.8583598577275278,0.6691942455764969
0.13913913913913922,2.8552819326639614,0.6693130602170673
0.14114114114114118,2.852198895235441,0.6694310504016758
0.14314314314314314,2.849110730143212,0.66954820935874
0.1451451451451451,2.846017422015347,0.6696645302536115
0.14714714714714705,2.8429189554062106,0.669780006187899
0.14914914914914923,2.8398153147959317,0.6698946301987803
0.1511511511511512,2.8367064845898593,0.6700083952583059
0.15315315315315314,2.833592449118021,0.670121294272694
0.1551551551551551,2.8304731926345728,0.6702333200816147
0.15715715715715706,2.827348699317246,0.6703444654574661
0.15915915915915924,2.8242189532667883,0.6704547231046384
0.1611611611611612,2.821083938506398,0.6705640856587709
0.16316316316316315,2.817943638981159,0.6706725456859963
0.1651651651651651,2.814798038557463,0.6707800956821769
0.16716716716716706,2.8116471210224323,0.6708867280721286
0.16916916916916924,2.808490870083333,0.6709924352088361
0.1711711711711712,2.8053292693669865,0.6710972093726559
0.17317317317317316,2.8021623024191746,0.6712010427705093
0.1751751751751751,2.7989899527040376,0.6713039275350633
0.17717717717717707,2.7958122036034667,0.6714058557239022
0.17917917917917925,2.792629038416495,0.6715068193186855
0.1811811811811812,2.7894404403586774,0.6716068102242956
0.18318318318318316,2.786246392561467,0.6717058202679734
0.18518518518518512,2.783046878071588,0.6718038411984415
0.18718718718718708,2.779841879850397,0.6719008646850164
0.18918918918918926,2.776631380773247,0.6719968823167061
0.1911911911911912,2.773415363628834,0.6720918856012976
0.19319319319319317,2.7701938111185505,0.6721858659644298
0.19519519519519513,2.766966705855821,0.6722788147486538
0.19719719719719708,2.763734030365438,0.6723707232124818
0.19919919919919926,2.7604957670828925,0.6724615825294185
0.20120120120120122,2.757251898353692,0.6725513837869832
0.20320320320320318,2.754002406432678,0.6726401179857153
0.20520520520520513,2.7507472734833356,0.6727277760381667
0.2072072072072071,2.747486481577093,0.6728143487678795
0.20920920920920927,2.74422001269262,0.6728998269083492
0.21121121121121122,2.740947848715114,0.6729842011019731
0.21321321321321318,2.737669971435584,0.6730674618989836
0.21521521521521514,2.734386362550123,0.6731495997563661
0.21721721721721732,2.731097003659179,0.6732306050367618
0.21921921921921927,2.727801876266812,0.6733104680073534
0.22122122122122123,2.72450096177995,0.6733891788387363
0.2232232232232232,2.7211942415076327,0.6734667276037728
0.22522522522522515,2.7178816966602524,0.6735431042764285
0.22722722722722732,2.7145633083487812,0.6736182987305948
0.22922922922922928,2.7112390575839975,0.6736923007388899
0.23123123123123124,2.7079089252757,0.6737650999714467
0.2332332332332332,2.7045728922319126,0.6738366859946798
0.23523523523523515,2.701230939158087,0.6739070482700358
0.23723723723723733,2.6978830466562926,0.6739761761527252
0.2392392392392393,2.694529195224397,0.6740440588904358
0.24124124124124124,2.6911693652552424,0.6741106856220257
0.2432432432432432,2.6878035370358107,0.6741760453761988
0.24524524524524516,2.684431690746379,0.6742401270701602
0.24724724724724734,2.68105380645967,0.6743029195082508
0.2492492492492493,2.6776698641399874,0.6743644113805625
0.25125125125125125,2.6742798436423496,0.6744245912615318
0.2532532532532532,2.6708837247116075,0.6744834476085139
0.25525525525525516,2.6674814869815573,0.674540968760334
0.25725725725725734,2.6640731099740402,0.6745971429358172
0.2592592592592593,2.6606585730980368,0.6746519582322968
0.26126126126126126,2.6572378556487464,0.6747054026241002
0.2632632632632632,2.653810936806661,0.6747574639610099
0.26526526526526517,2.6503777956366266,0.6748081299667049
0.26726726726726735,2.646938411086894,0.6748573882371747
0.2692692692692693,2.6434927619881603,0.674905226239111
0.27127127127127126,2.6400408270526,0.6749516313082754
0.2732732732732732,2.6365825848728828,0.6749965906478403
0.2752752752752752,2.6331180139211834,0.6750400913267068
0.27727727727727736,2.6296470925481783,0.6750821202777934
0.2792792792792793,2.626169798982031,0.6751226642963022
0.28128128128128127,2.622686111327369,0.6751617100379551
0.2832832832832832,2.6191960075642413,0.6751992440172051
0.2852852852852852,2.6156994655470758,0.6752352526054171
0.28728728728728736,2.6121964630036123,0.6752697220290235
0.2892892892892893,2.6086869775338313,0.6753026383676494
0.2912912912912913,2.6051709866088673,0.6753339875522075
0.29329329329329323,2.6016484675699103,0.675363755362966
0.2952952952952952,2.5981193976270927,0.6753919274275824
0.29729729729729737,2.594583753858366,0.6754184892191092
0.2992992992992993,2.591041513208361,0.6754434260539668
0.3013013013013013,2.5874926524872355,0.6754667230898851
0.30330330330330324,2.5839371483695106,0.6754883653238108
0.3053053053053052,2.58037497739289,0.6755083375897829
0.3073073073073074,2.576806115957065,0.6755266245567738
0.30930930930930933,2.5732305403225078,0.6755432107264947
0.3113113113113113,2.5696482266092473,0.6755580804311672
0.31331331331331325,2.5660591507956307,0.6755712178312586
0.3153153153153152,2.562463288717072,0.6755826069131797
0.3173173173173174,2.558860616064781,0.6755922314869461
0.31931931931931934,2.5552511083844793,0.6756000751838015
0.3213213213213213,2.5516347410751012,0.6756061214538013
0.32332332332332325,2.5480114893874743,0.6756103535633583
0.3253253253253252,2.544381328422989,0.6756127545927458
0.3273273273273274,2.540744233132245,0.6756133074335622
0.32932932932932935,2.537100178313688,0.6756119947861516
0.3313313313313313,2.5334491386122187,0.6756087991569837
0.33333333333333326,2.5297910885177965,0.6756037028559875
0.3353353353353352,2.5261260023640144,0.6755966879938441
0.3373373373373374,2.522453854326661,0.6755877364792314
0.33933933933933935,2.5187746184222624,0.6755768300160239
0.3413413413413413,2.515088268506604,0.6755639501004458
0.34334334334334327,2.5113947782732358,0.675549078018175
0.3453453453453452,2.5076941212519532,0.6755321948413999
0.3473473473473474,2.5039862708072613,0.6755132814258249
0.34934934934934936,2.500271200136816,0.675492318407626
0.3513513513513513,2.496548882269848,0.6754692862003538
0.35335335335335327,2.4928192900655586,0.6754441649917846
0.35535535535535545,2.4890823962115007,0.675416934740716
0.3573573573573574,2.4853381732219324,0.6753875751737095
0.35935935935935936,2.481586593436151,0.6753560657817764
0.3613613613613613,2.477827629016799,0.6753223858170051
0.3633633633633633,2.4740612519481546,0.6752865142891313
0.36536536536536546,2.470287434034389,0.6752484299620488
0.3673673673673674,2.4665061468978045,0.6752081113502583
0.36936936936936937,2.4627173619770457,0.6751655367152556
0.37137137137137133,2.4589210505252845,0.6751206840618553
0.3733733733733733,2.4551171836083814,0.6750735311344499
0.37537537537537546,2.4513057321030156,0.6750240554132044
0.3773773773773774,2.4474866666947914,0.674972234110181
0.3793793793793794,2.443659957876317,0.6749180441653966
0.38138138138138133,2.4398255759452514,0.6748614622428107
0.3833833833833833,2.435983491002325,0.6748024647262397
0.38538538538538547,2.4321336729493304,0.674741027715198
0.3873873873873874,2.4282760914870822,0.6746771270206668
0.3893893893893894,2.424410716113347,0.6746107381607833
0.39139139139139134,2.4205375161207408,0.6745418363564527
0.3933933933933933,2.4166564605945946,0.6744703965268819
0.3953953953953955,2.4127675184107886,0.6743963932850291
0.39739739739739743,2.408870658233549,0.6743198009329728
0.3993993993993994,2.404965848513216,0.6742405934571927
0.40140140140140135,2.401053057483972,0.6741587445237661
0.4034034034034033,2.3971322531615376,0.674074227473474
0.4054054054054055,2.3932034033408276,0.6739870153168167
0.40740740740740744,2.389266475593573,0.6738970807289363
0.4094094094094094,2.3853214372659024,0.6738043960444446
0.41141141141141135,2.381368255475885,0.673708933252154
0.4134134134134133,2.377406897111035,0.6736106639897078
0.4154154154154155,2.373437328825771,0.6735095595381118
0.41741741741741745,2.369459517038838,0.6734055908161601
0.4194194194194194,2.365473427930684,0.6732987283747546
0.42142142142142136,2.3614790274407937,0.673188942391117
0.4234234234234233,2.357476281264977,0.6730762026628906
0.4254254254254255,2.3534651548526107,0.6729604786021264
0.42742742742742745,2.3494456134038324,0.6728417392291554
0.4294294294294294,2.34541762186669,0.6727199531663406
0.43143143143143137,2.341381144934237,0.6725950886317087
0.4334334334334333,2.3373361470415817,0.6724671134324559
0.4354354354354355,2.3332825923628775,0.6723359949583291
0.43743743743743746,2.3292204448082696,0.672201700174873
0.4394394394394394,2.325149668020779,0.6720641956165488
0.4414414414414414,2.321070225373135,0.6719234473797115
0.44344344344344333,2.3169820799645486,0.6717794211154521
0.4454454454454455,2.31288519461743,0.6716320820222919
0.44744744744744747,2.30877953187404,0.6714813948387358
0.4494494494494494,2.3046650539930873,0.6713273238356713
0.4514514514514514,2.3005417229462575,0.6711698328086155
0.45345345345345334,2.2964095004146765,0.6710088850698058
0.4554554554554555,2.2922683477853125,0.6708444434401271
0.4574574574574575,2.2881182261473034,0.6706764702408763
0.45945945945945943,2.2839590962882177,0.670504927285356
0.4614614614614614,2.2797909186902428,0.6703297758702956
0.46346346346346334,2.2756136535262987,0.6701509767670942
0.4654654654654655,2.271427260656076,0.6699684902128829
0.4674674674674675,2.2672316996219952,0.6697822759013974
0.46946946946946944,2.2630269296450862,0.6695922929736637
0.4714714714714714,2.2588129096207856,0.6693985000084832
0.47347347347347357,2.254589598114648,0.6692008550127195
0.47547547547547553,2.2503569533579726,0.6689993154113787
0.4774774774774775,2.2461149332433377,0.6687938380374753
0.47947947947947944,2.2418634953200436,0.6685843791216861
0.4814814814814814,2.2376025967894613,0.668370894281777
0.4834834834834836,2.2333321945002846,0.6681533385118036
0.48548548548548554,2.2290522449436776,0.6679316661710764
0.4874874874874875,2.2247627042483256,0.667705830972886
0.48948948948948945,2.2204635281753724,0.6674757859729827
0.4914914914914914,2.2161546721132552,0.6672414835577991
0.4934934934934936,2.2118360910724184,0.6670028754324169
0.49549549549549554,2.207507739679921,0.6667599126082623
0.4974974974974975,2.2031695721739144,0.6665125453905304
0.49949949949949946,2.1988215423980058,0.6662607233653257
0.5015015015015014,2.1944636037954877,0.6660043953865137
0.5035035035035036,2.190095709403441,0.6657435095622757
0.5055055055055055,2.185717811846698,0.6654780132413562
0.5075075075075075,2.1813298633316744,0.6652078529989975
0.5095095095095095,2.1769318156400472,0.6649329746225512
0.5115115115115114,2.172523620122295,0.6646533230967561
0.5135135135135136,2.1681052276910755,0.6643688425886778
0.5155155155155156,2.163676588814455,0.6640794764322931
0.5175175175175175,2.1592376535089666,0.6637851671127173
0.5195195195195195,2.154788371332507,0.6634858562500555
0.5215215215215214,2.150328691377054,0.6631814845828768
0.5235235235235236,2.1458585622612083,0.6628719919512913
0.5255255255255256,2.141377932122548,0.6625573172796236
0.5275275275275275,2.136886748609789,0.6622373985586724
0.5295295295295295,2.1323849588747503,0.6619121728275373
0.5315315315315314,2.1278725095641113,0.661581576155008
0.5335335335335336,2.1233493468109534,0.6612455436204981
0.5355355355355356,2.118815416226086,0.660904009294511
0.5375375375375375,2.11427066288914,0.6605569062186243
0.5395395395395395,2.109715031339423,0.6602041663849784
0.5415415415415414,2.1051484655665362,0.6598457207152519
0.5435435435435436,2.100570909000731,0.6594814990391107
0.5455455455455456,2.0959823045030053,0.6591114300721114
0.5475475475475475,2.091382594354929,0.6587354413930459
0.5495495495495495,2.0867717202481892,0.6583534594207014
0.5515515515515514,2.0821496232738403,0.6579654093900287
0.5535535535535536,2.0775162439112567,0.6575712153276859
0.5555555555555556,2.072871522016773,0.6571708000269495
0.5575575575575575,2.0682153968119983,0.6567640850219639
0.5595595595595595,2.0635478068717936,0.6563509905613117
0.5615615615615615,2.0588686901119044,0.6559314355808806
0.5635635635635636,2.0541779837762264,0.6555053376760054
0.5655655655655656,2.049475624423694,0.6550726130728591
0.5675675675675675,2.044761547914777,0.6546331765990718
0.5695695695695695,2.0400356893975657,0.6541869416535484
0.5715715715715715,2.03529798329343,0.6537338201754583
0.5735735735735736,2.0305483632822328,0.6532737226123738
0.5755755755755756,2.0257867622870798,0.6528065578875222
0.5775775775775776,2.0210131124585837,0.6523322333661254
0.5795795795795795,2.016227345158626,0.6518506548207933
0.5815815815815815,2.0114293909435914,0.6513617263959378
0.5835835835835836,2.0066191795470525,0.6508653505711739
0.5855855855855856,2.0017966398618867,0.6503614281236679
0.5875875875875876,1.9969616999217932,0.6498498580893974
0.5895895895895895,1.9921142868821908,0.649330537723281
0.5915915915915915,1.9872543270004681,0.6488033624581343
0.5935935935935936,1.9823817456155564,0.6482682258624095
0.5955955955955956,1.9774964671267954,0.6477250195966695
0.5975975975975976,1.9725984149720615,0.647173633368746
0.5995995995995995,1.9676875116051213,0.6466139548875314
0.6016016016016015,1.9627636784721711,0.6460458698153413
0.6036036036036037,1.9578268359875162,0.6454692617187916
0.6056056056056056,1.9528769035083384,0.6448840120181125
0.6076076076076076,1.9479137993084783,0.644289999934823
0.6096096096096095,1.9429374405511426,0.643687102437662
0.6116116116116117,1.937947743260406,0.6430751941866493
0.6136136136136137,1.93294462229131,0.642454147475099
0.6156156156156156,1.9279279912982632,0.6418238321693313
0.6176176176176176,1.9228977627012567,0.6411841156456954
0.6196196196196195,1.9178538476491247,0.6405348627242954
0.6216216216216217,1.9127961559785633,0.6398759355984417
0.6236236236236237,1.907724596166803,0.6392071937582303
0.6256256256256256,1.9026390752744209,0.6385284939056184
0.6276276276276276,1.8975394988724852,0.6378396898566476
0.6296296296296295,1.8924257709443932,0.637140632423624
0.6316316316316317,1.8872977937464785,0.6364311692653716
0.6336336336336337,1.8821554676011514,0.6357111446859758
0.6356356356356356,1.8769986905794875,0.6349803993498364
0.6376376376376376,1.8718273580028213,0.6342387698603503
0.6396396396396395,1.866641361648616,0.6334860881163203
0.6416416416416417,1.8614405884746097,0.6327221803066116
0.6436436436436437,1.8562249185610245,0.6319468653175799
0.6456456456456456,1.850994221788561,0.6311599521904413
0.6476476476476476,1.8457483524810911,0.6303612360474796
0.6496496496496496,1.840487140786227,0.6295504915608705
0.6516516516516517,1.8352103788515683,0.628727462495112
0.6536536536536537,1.829917798737547,0.6278918450049312
0.6556556556556556,1.8246090372737376,0.6270432610495011
0.6576576576576576,1.8192835803885041,0.6261812162401859
0.6596596596596596,1.8139406753334884,0.6253050332959545
0.6616616616616617,1.808579192957703,0.6244137474757012
0.6636636636636637,1.8031974126878931,0.623505943057286
0.6656656656656657,1.7977926885729416,0.6225794989172491
0.6676676676676676,1.7923609333796193,0.6216311947572337
0.6696696696696696,1.7868958260413128,0.6206561049738677
0.6716716716716717,1.7813876012051963,0.619646670971917
0.6736736736736737,1.7758212119468317,0.6185912898764235
0.6756756756756757,1.7701735596478354,0.6174721813761077
0.6776776776776776,1.7644093482299599,0.6162621861738875
0.6796796796796796,1.7584749319045134,0.6149199989975112
0.6816816816816818,1.7522892768183642,0.6133831362701813
0.6836836836836837,1.7457308482871772,0.611557678522556
0.6856856856856857,1.738618897283085,0.6093035231364985
0.6876876876876876,1.7306873543624528,0.6064135914552788
0.6896896896896896,1.7215496018359808,0.6025853135053032
0.6916916916916918,1.7106533431743915,0.5973831266950381
0.6936936936936937,1.6972277082394485,0.5901924145275838
0.6956956956956957,1.6802314682075261,0.5801696244163569
0.6976976976976976,1.658324256839333,0.5662022895691036
0.6996996996996996,1.6299035710048575,0.546908460480665
0.7017017017017018,1.593274806527691,0.5207270878381486
0.7037037037037037,1.5470299995843488,0.48616934668501105
0.7057057057057057,1.4906602035035708,0.4422871725887725
0.7077077077077076,1.425269495076365,0.3893227466940549
0.7097097097097096,1.354025410436061,0.3293077770326271
0.7117117117117118,1.2818751988984838,0.26617961461408746
0.7137137137137137,1.214358507977312,0.20503546091560712
0.7157157157157157,1.1559984178914484,0.15065668960644432
0.7177177177177176,1.1091589628507281,0.10608628571949713
0.7197197197197196,1.073919912941873,0.07209405033295191
0.7217217217217218,1.048775138328209,0.04765079426414019
0.7237237237237237,1.0315550706533216,0.030847719274897895
0.7257257257257257,1.0201173198446565,0.019669635553948135
0.7277277277277276,1.0126868595756762,0.012404426588437085
0.7297297297297298,1.007935905610681,0.007758921836574284
0.7317317317317318,1.0049328824441432,0.004822772611164979
0.7337337337337337,1.0030507182174722,0.0029826563736787266
0.7357357357357357,1.0018786728322708,0.0018368339700526985
0.7377377377377377,1.0011525928723424,0.0011269941673249708
0.7397397397397398,1.0007047329547403,0.0006891340203081298
0.7417417417417418,1.0004295305831354,0.00042005931743468945
0.7437437437437437,1.0002610050756755,0.0002552732431640772
0.7457457457457457,1.0001581368740005,0.00015467872078001803
0.7477477477477477,1.0000955383569397,9.345806792856033e-05
0.7497497497497498,1.000057558012027,5.6310123660187526e-05
0.7517517517517518,1.0000345808024087,3.38342993704272e-05
0.7537537537537538,1.0000207195457145,2.0274182739959313e-05
0.7557557557557557,1.000012380945365,1.2115948404684156e-05
0.7577577577577577,1.000007378481082,7.221218265371543e-06
0.7597597597597598,1.0000043856095056,4.292524129592954e-06
0.7617617617617618,1.0000025998745068,2.544918202611892e-06
0.7637637637637638,1.0000015372460276,1.504883409266126e-06
0.7657657657657657,1.0000009065916433,8.875822355066445e-07
0.7677677677677677,1.0000005332929691,5.221551393499373e-07
0.7697697697697699,1.0000003129061117,3.063966133006083e-07
0.7717717717717718,1.0000001831320182,1.7933697241095698e-07
0.7737737737737738,1.0000001069114877,1.0470441590241187e-07
0.7757757757757757,1.0000000622589715,6.097854990634931e-08
0.7777777777777777,1.00000003616633,3.542530356725827e-08
0.7797797797797799,1.0000000209574844,2.0529660277699186e-08
0.7817817817817818,1.000000012114715,1.186830730605911e-08
0.7837837837837838,1.0000000069860804,6.844498536720355e-09
0.7857857857857857,1.0000000040188992,3.937741182392881e-09
0.7877877877877877,1.000000002306431,2.2600189876263664e-09
0.7897897897897899,1.0000000013205057,1.2940259101466865e-09
0.7917917917917918,1.000000000754246,7.391733269505161e-10
0.7937937937937938,1.0000000004297984,4.2123883187730676e-10
0.7957957957957957,1.000000000244344,2.3949447868558495e-10
0.7977977977977977,1.0000000001385894,1.3584811058198777e-10
0.7997997997997999,1.0000000000784253,7.687915653397428e-11
0.8018018018018018,1.0000000000442775,4.340769153781546e-11
0.8038038038038038,1.0000000000249414,2.4453086164801996e-11
0.8058058058058057,1.0000000000140175,1.3744028522094954e-11
0.8078078078078077,1.0000000000078602,7.707470867981524e-12
0.8098098098098099,1.0000000000043976,4.312525040661868e-12
0.8118118118118118,1.0000000000024547,2.4075521994482994e-12
0.8138138138138138,1.0000000000013671,1.3410078668439296e-12
0.8158158158158157,1.0000000000007596,7.452212055075232e-13
0.8178178178178177,1.000000000000421,4.131861582762694e-13
0.8198198198198199,1.0000000000002327,2.285335275362682e-13
0.8218218218218218,1.0000000000001281,1.260691058108048e-13
0.8238238238238238,1.0000000000000704,6.9334991042417e-14
0.8258258258258258,1.0000000000000384,3.798947524612714e-14
0.8278278278278277,1.0000000000000209,2.0689815889027074e-14
0.8298298298298299,1.000000000000011,1.1194554075696943e-14
0.8318318318318318,1.0000000000000058,6.005021807070954e-15
0.8338338338338338,1.0000000000000029,3.116495276223858e-15
0.8358358358358358,1.0000000000000013,1.5391124636556905e-15
0.8378378378378377,1.0000000000000007,7.270858871673887e-16
0.8398398398398399,1.0000000000000002,2.8953996270371394e-16
0.8418418418418419,1.0,8.032176712156416e-17
0.8438438438438438,1.0,2.0835895786628262e-17
0.8458458458458458,1.0,4.987073462477892e-18
0.8478478478478477,1.0,1.232501406573395e-18
0.8498498498498499,1.0,3.0063446450290143e-19
0.8518518518518519,1.0,7.372059313066145e-20
0.8538538538538538,1.0,1.8037564663239472e-20
0.8558558558558558,1.0,4.416118654875015e-21
0.8578578578578577,1.0,1.0802932645839557e-21
0.8598598598598599,1.0,2.640985828527862e-22
0.8618618618618619,1.0,6.44881535767598e-23
0.8638638638638638,1.0,1.572379550016435e-23
0.8658658658658658,1.0,3.826563148089655e-24
0.867867867867868,1.0,9.290744205508208e-25
0.8698698698698699,1.0,2.2494619782754696e-25
0.8718718718718719,1.0,5.428656858687699e-26
0.8738738738738738,1.0,1.3052918809065075e-26
0.8758758758758758,1.0,3.1259685029148236e-27
0.877877877877878,1.0,7.455134609287369e-28
0.8798798798798799,1.0,1.7707265099648533e-28
0.8818818818818819,1.0,4.190068223997022e-29
0.8838838838838838,1.0,9.884028052556774e-30
0.8858858858858858,1.0,2.326294213634541e-30
0.887887887887888,1.0,5.468320415556386e-31
0.8898898898898899,1.0,1.2851426521590921e-31
0.8918918918918919,1.0,3.0223687508445697e-32
0.8938938938938938,1.0,7.117249518948805e-33
0.8958958958958958,1.0,1.6786273415111863e-33
0.897897897897898,1.0,3.964732372748327e-34
0.8998998998998999,1.0,9.373236599875112e-35
0.9019019019019019,1.0,2.216620045895486e-35
0.9039039039039038,1.0,5.2396558445341704e-36
0.9059059059059058,1.0,1.2371973296512595e-36
0.907907907907908,1.0,2.916661218848436e-37
0.9099099099099099,1.0,6.86309656823706e-38
0.9119119119119119,1.0,1.6117848516393995e-38
0.9139139139139139,1.0,3.7782125481412565e-39
0.9159159159159158,1.0,8.84193148786915e-40
0.917917917917918,1.0,2.0663370184310495e-40
0.91991991991992,1.0,4.823456317927676e-41
0.9219219219219219,1.0,1.1248843317637215e-41
0.9239239239239239,1.0,2.6212397840393672e-42
0.9259259259259258,1.0,6.103468078090105e-43
0.927927927927928,1.0,1.420063798818577e-43
0.92992992992993,1.0,3.3011719954588724e-44
0.9319319319319319,1.0,7.666813930687629e-45
0.9339339339339339,1.0,1.7787174839015763e-45
0.9359359359359358,1.0,4.1220613299538596e-46
0.937937937937938,1.0,9.54168865978153e-47
0.93993993993994,1.0,2.2062126707728856e-47
0.9419419419419419,1.0,5.0957443982309094e-48
0.9439439439439439,1.0,1.1758376318092598e-48
0.9459459459459458,1.0,2.7109189942447575e-49
0.947947947947948,1.0,6.245505941668485e-50
0.94994994994995,1.0,1.437970242710266e-50
0.9519519519519519,1.0,3.309065063736465e-51
0.9539539539539539,1.0,7.611424491506019e-52
0.9559559559559558,1.0,1.7500608690932616e-52
0.957957957957958,1.0,4.0223320722302164e-53
0.95995995995996,1.0,9.241491984711356e-54
0.9619619619619619,1.0,2.1224622897798032e-54
0.9639639639639639,1.0,4.872591978384775e-55
0.9659659659659658,1.0,1.1181146435325108e-55
0.967967967967968,1.0,2.564482428764966e-56
0.96996996996997,1.0,5.878667404280559e-57
0.9719719719719719,1.0,1.3467936528436487e-57
0.9739739739739739,1.0,3.0834912577453658e-58
0.9759759759759759,1.0,7.054726871916588e-59
0.977977977977978,1.0,1.6128362455124888e-59
0.97997997997998,1.0,3.6842634449639953e-60
0.9819819819819819,1.0,8.408927998206991e-61
0.9839839839839839,1.0,1.91752605416451e-61
0.9859859859859861,1.0,4.3685364834433175e-62
0.987987987987988,1.0,9.942842563310406e-63
0.98998998998999,1.0,2.2607552264390153e-63
0.991991991991992,1.0,5.1351906356455176e-64
0.9939939939939939,1.0,1.1652644089262436e-64
0.9959959959959961,1.0,2.6428467475720065e-65
0.997997997997998,1.0,6.049939314631643e-66
1.0,1.0,1.6586269964393197e-66
