-1.0,5.0,0.0,0.0,0.0,0.0,0.0,0.0,0.0
-0.997997997997998,5.0,0.0,0.0,0.0,0.0,0.0,0.0,0.0
-0.995995995995996,5.0,0.0,0.0,0.0,0.0,0.0,0.0,0.0
-0.993993993993994,5.0,0.0,0.0,0.0,0.0,0.0,0.0,0.0
-0.991991991991992,5.0,0.0,0.0,0.0,0.0,0.0,0.0,0.0
-0.98998998998999,5.0,0.0,0.0,0.0,0.0,0.0,0.0,0.0
-0.987987987987988,5.0,0.0,0.0,0.0,0.0,0.0,0.0,0.0
-0.985985985985986,5.0,0.0,0.0,0.0,0.0,0.0,0.0,0.0
-0.983983983983984,5.0,0.0,0.0,0.0,0.0,0.0,0.0,0.0
-0.9819819819819819,5.0,0.0,0.0,0.0,0.0,0.0,0.0,0.0
-0.97997997997998,5.0,0.0,0.0,0.0,0.0,0.0,0.0,0.0
-0.977977977977978,5.0,0.0,0.0,0.0,0.0,0.0,0.0,0.0
-0.975975975975976,5.0,0.0,0.0,0.0,0.0,0.0,0.0,0.0
-0.973973973973974,5.0,0.0,0.0,0.0,0.0,0.0,0.0,0.0
-0.9719719719719719,5.0,0.0,0.0,0.0,0.0,0.0,0.0,0.0
-0.96996996996997,5.0,0.0,0.0,0.0,0.0,0.0,0.0,0.0
-0.967967967967968,5.0,0.0,0.0,0.0,0.0,0.0,0.0,0.0
-0.965965965965966,5.0,0.0,0.0,0.0,0.0,0.0,0.0,0.0
-0.963963963963964,5.0,0.0,0.0,0.0,0.0,0.0,0.0,0.0
-0.9619619619619619,5.0,0.0,0.0,0.0,0.0,0.0,0.0,0.0
-0.95995995995996,5.0,0.0,0.0,0.0,0.0,0.0,0.0,0.0
-0.957957957957958,5.0,0.0,0.0,0.0,0.0,0.0,0.0,0.0
-0.955955955955956,5.0,0.0,0.0,0.0,0.0,0.0,0.0,0.0
-0.953953953953954,5.0,0.0,0.0,0.0,0.0,0.0,0.0,0.0
-0.9519519519519519,5.0,0.0,0.0,0.0,0.0,0.0,0.0,0.0
-0.94994994994995,5.0,0.0,0.0,0.0,0.0,0.0,0.0,0.0
-0.9479479479479479,5.0,0.0,0.0,0.0,0.0,0.0,0.0,0.0
-0.9459459459459459,5.0,0.0,0.0,0.0,0.0,0.0,0.0,0.0
-0.943943943943944,5.0,0.0,0.0,0.0,0.0,0.0,0.0,0.0
-0.9419419419419419,5.0,0.0,0.0,0.0,0.0,0.0,0.0,0.0
-0.93993993993994,5.0,0.0,0.0,0.0,0.0,0.0,0.0,0.0
-0.9379379379379379,5.0,0.0,0.0,0.0,0.0,0.0,0.0,0.0
-0.9359359359359359,5.0,0.0,0.0,0.0,0.0,0.0,0.0,0.0
-0.933933933933934,5.0,0.0,0.0,0.0,0.0,0.0,0.0,0.0
-0.9319319319319319,5.0,0.0,0.0,0.0,0.0,0.0,0.0,0.0
-0.92992992992993,5.0,0.0,0.0,0.0,0.0,0.0,0.0,0.0
-0.9279279279279279,5.0,0.0,0.0,0.0,0.0,0.0,0.0,0.0
-0.9259259259259259,5.0,0.0,0.0,0.0,0.0,0.0,0.0,0.0
-0.9239239239239239,5.0,0.0,0.0,0.0,0.0,0.0,0.0,0.0
-0.9219219219219219,5.0,0.0,0.0,0.0,0.0,0.0,0.0,0.0
-0.91991991991992,5.0,0.0,0.0,0.0,0.0,0.0,0.0,0.0
-0.9179179179179179,5.0,0.0,0.0,0.0,0.0,0.0,0.0,0.0
-0.9159159159159159,5.0,0.0,0.0,0.0,0.0,0.0,0.0,0.0
-0.9139139139139139,5.0,0.0,0.0,0.0,0.0,0.0,0.0,0.0
-0.9119119119119119,5.0,0.0,0.0,0.0,0.0,0.0,0.0,0.0
-0.9099099099099099,5.0,0.0,0.0,0.0,0.0,0.0,0.0,0.0
-0.9079079079079079,5.0,0.0,0.0,0.0,0.0,0.0,0.0,0.0
-0.9059059059059059,5.0,0.0,0.0,0.0,0.0,0.0,0.0,0.0
-0.9039039039039038,5.0,0.0,0.0,0.0,0.0,0.0,0.0,0.0
-0.9019019019019019,5.0,0.0,0.0,0.0,0.0,0.0,0.0,0.0
-0.8998998998998999,5.0,0.0,0.0,0.0,0.0,0.0,0.0,0.0
-0.8978978978978979,5.0,0.0,0.0,0.0,0.0,0.0,0.0,0.0
-0.8958958958958959,5.0,0.0,0.0,0.0,0.0,0.0,0.0,0.0
-0.8938938938938938,5.0,0.0,0.0,0.0,0.0,0.0,0.0,0.0
-0.8918918918918919,5.0,0.0,0.0,0.0,0.0,0.0,0.0,0.0
-0.8898898898898899,5.0,0.0,0.0,0.0,0.0,0.0,0.0,0.0
-0.8878878878878879,5.0,0.0,0.0,0.0,0.0,0.0,0.0,0.0
-0.8858858858858859,5.0,0.0,0.0,0.0,0.0,0.0,0.0,0.0
-0.8838838838838838,5.0,0.0,0.0,0.0,0.0,0.0,0.0,0.0
-0.8818818818818819,5.0,0.0,0.0,0.0,0.0,0.0,0.0,0.0
-0.8798798798798799,5.0,0.0,0.0,0.0,0.0,0.0,0.0,0.0
-0.8778778778778779,5.0,0.0,0.0,0.0,0.0,0.0,0.0,0.0
-0.8758758758758759,5.0,0.0,0.0,0.0,0.0,0.0,0.0,0.0
-0.8738738738738738,5.0,0.0,0.0,0.0,0.0,0.0,0.0,0.0
-0.8718718718718719,5.0,0.0,0.0,0.0,0.0,0.0,0.0,0.0
-0.8698698698698699,5.0,0.0,0.0,0.0,0.0,0.0,0.0,0.0
-0.8678678678678678,5.0,0.0,0.0,0.0,0.0,0.0,0.0,0.0
-0.8658658658658659,5.0,0.0,0.0,0.0,0.0,0.0,0.0,0.0
-0.8638638638638638,5.0,0.0,0.0,0.0,0.0,0.0,0.0,0.0
-0.8618618618618619,5.0,0.0,0.0,0.0,0.0,0.0,0.0,0.0
-0.8598598598598599,5.0,0.0,0.0,0.0,0.0,0.0,0.0,0.0
-0.8578578578578578,5.0,0.0,0.0,0.0,0.0,0.0,0.0,0.0
-0.8558558558558559,5.0,0.0,0.0,0.0,0.0,0.0,0.0,0.0
-0.8538538538538538,5.0,0.0,0.0,0.0,0.0,0.0,0.0,0.0
-0.8518518518518519,5.0,0.0,0.0,0.0,0.0,0.0,0.0,0.0
-0.8498498498498499,5.0,0.0,0.0,0.0,0.0,0.0,0.0,0.0
-0.8478478478478478,5.0,0.0,0.0,0.0,0.0,0.0,0.0,0.0
-0.8458458458458459,5.0,0.0,0.0,0.0,0.0,0.0,0.0,0.0
-0.8438438438438438,5.0,0.0,0.0,0.0,0.0,0.0,0.0,0.0
-0.8418418418418419,5.0,0.0,0.0,0.0,0.0,0.0,0.0,0.0
-0.8398398398398399,5.0,0.0,0.0,0.0,0.0,0.0,0.0,0.0
-0.8378378378378378,5.0,0.0,0.0,0.0,0.0,0.0,0.0,0.0
-0.8358358358358359,5.0,0.0,0.0,0.0,0.0,0.0,0.0,0.0
-0.8338338338338338,5.0,0.0,0.0,0.0,0.0,0.0,0.0,0.0
-0.8318318318318318,5.0,0.0,0.0,0.0,0.0,0.0,0.0,0.0
-0.8298298298298299,5.0,0.0,0.0,0.0,0.0,0.0,0.0,0.0
-0.8278278278278278,5.0,0.0,0.0,0.0,0.0,0.0,0.0,0.0
-0.8258258258258259,5.0,0.0,0.0,0.0,0.0,0.0,0.0,0.0
-0.8238238238238238,5.0,0.0,0.0,0.0,0.0,0.0,0.0,0.0
-0.8218218218218218,5.0,0.0,0.0,0.0,0.0,0.0,0.0,0.0
-0.8198198198198199,5.0,0.0,0.0,0.0,0.0,0.0,0.0,0.0
-0.8178178178178178,5.0,0.0,0.0,0.0,0.0,0.0,0.0,0.0
-0.8158158158158157,5.0,0.0,0.0,0.0,0.0,0.0,0.0,0.0
-0.8138138138138138,5.0,0.0,0.0,0.0,0.0,0.0,0.0,0.0
-0.8118118118118118,5.0,0.0,0.0,0.0,0.0,0.0,0.0,0.0
-0.8098098098098099,5.0,0.0,0.0,0.0,0.0,0.0,0.0,0.0
-0.8078078078078078,5.0,0.0,0.0,0.0,0.0,0.0,0.0,0.0
-0.8058058058058057,5.0,0.0,0.0,0.0,0.0,0.0,0.0,0.0
-0.8038038038038038,5.0,0.0,0.0,0.0,0.0,0.0,0.0,0.0
-0.8018018018018018,5.0,0.0,0.0,0.0,0.0,0.0,0.0,0.0
-0.7997997997997999,5.0,0.0,0.0,0.0,0.0,0.0,0.0,0.0
-0.7977977977977978,5.0,0.0,0.0,0.0,0.0,0.0,0.0,0.0
-0.7957957957957957,5.0,0.0,0.0,0.0,0.0,0.0,0.0,0.0
-0.7937937937937938,5.0,0.0,0.0,0.0,0.0,0.0,0.0,0.0
-0.7917917917917918,5.0,0.0,0.0,0.0,0.0,0.0,0.0,0.0
-0.7897897897897898,5.0,0.0,0.0,0.0,0.0,0.0,0.0,0.0
-0.7877877877877878,5.0,0.0,0.0,0.0,0.0,0.0,0.0,0.0
-0.7857857857857857,5.0,0.0,0.0,0.0,0.0,0.0,0.0,0.0
-0.7837837837837838,5.0,0.0,0.0,0.0,0.0,0.0,0.0,0.0
-0.7817817817817818,5.0,0.0,0.0,0.0,0.0,0.0,0.0,0.0
-0.7797797797797797,5.0,0.0,0.0,0.0,0.0,0.0,0.0,0.0
-0.7777777777777778,5.0,0.0,0.0,0.0,0.0,0.0,0.0,0.0
-0.7757757757757757,5.0,0.0,0.0,0.0,0.0,0.0,0.0,0.0
-0.7737737737737738,5.0,0.0,0.0,0.0,0.0,0.0,0.0,0.0
-0.7717717717717718,5.0,0.0,0.0,0.0,0.0,0.0,0.0,0.0
-0.7697697697697697,5.0,0.0,0.0,0.0,0.0,0.0,0.0,0.0
-0.7677677677677678,5.0,0.0,0.0,0.0,0.0,0.0,0.0,0.0
-0.7657657657657657,5.0,0.0,0.0,0.0,0.0,0.0,0.0,0.0
-0.7637637637637638,5.0,0.0,0.0,0.0,0.0,0.0,0.0,0.0
-0.7617617617617618,5.0,0.0,0.0,0.0,0.0,0.0,0.0,0.0
-0.7597597597597597,5.0,0.0,0.0,0.0,0.0,0.0,0.0,0.0
-0.7577577577577578,5.0,0.0,0.0,0.0,0.0,0.0,0.0,0.0
-0.7557557557557557,5.0,0.0,0.0,0.0,0.0,0.0,0.0,0.0
-0.7537537537537538,5.0,0.0,0.0,0.0,0.0,0.0,0.0,0.0
-0.7517517517517518,5.0,0.0,0.0,0.0,0.0,0.0,0.0,0.0
-0.7497497497497497,5.0,0.0,0.0,0.0,0.0,0.0,0.0,0.0
-0.7477477477477478,5.0,0.0,0.0,0.0,0.0,0.0,0.0,0.0
-0.7457457457457457,5.0,0.0,0.0,0.0,0.0,0.0,0.0,0.0
-0.7437437437437437,5.0,0.0,0.0,0.0,0.0,0.0,0.0,0.0
-0.7417417417417418,5.0,0.0,0.0,0.0,0.0,0.0,0.0,0.0
-0.7397397397397397,5.0,0.0,0.0,0.0,0.0,0.0,0.0,0.0
-0.7377377377377378,5.0,0.0,0.0,0.0,0.0,0.0,0.0,0.0
-0.7357357357357357,5.0,0.0,0.0,0.0,0.0,0.0,0.0,0.0
-0.7337337337337337,5.0,0.0,0.0,0.0,0.0,0.0,0.0,0.0
-0.7317317317317318,5.0,0.0,0.0,0.0,0.0,0.0,0.0,0.0
-0.7297297297297297,5.0,0.0,0.0,0.0,0.0,0.0,0.0,0.0
-0.7277277277277278,5.0,0.0,0.0,0.0,0.0,0.0,0.0,0.0
-0.7257257257257257,5.0,0.0,0.0,0.0,0.0,0.0,0.0,0.0
-0.7237237237237237,5.0,0.0,0.0,0.0,0.0,0.0,0.0,0.0
-0.7217217217217218,5.0,0.0,0.0,0.0,0.0,0.0,0.0,0.0
-0.7197197197197197,5.0,0.0,0.0,0.0,0.0,0.0,0.0,0.0
-0.7177177177177176,5.0,0.0,0.0,0.0,0.0,0.0,0.0,0.0
-0.7157157157157157,5.0,0.0,0.0,0.0,0.0,0.0,0.0,0.0
-0.7137137137137137,5.0,0.0,0.0,0.0,0.0,0.0,0.0,0.0
-0.7117117117117118,5.0,0.0,0.0,0.0,0.0,0.0,0.0,0.0
-0.7097097097097097,5.0,0.0,0.0,0.0,0.0,0.0,0.0,0.0
-0.7077077077077076,5.0,0.0,0.0,0.0,0.0,0.0,0.0,0.0
-0.7057057057057057,5.0,0.0,0.0,0.0,0.0,0.0,0.0,0.0
-0.7037037037037037,5.0,0.0,0.0,0.0,0.0,0.0,0.0,0.0
-0.7017017017017018,5.0,0.0,0.0,0.0,0.0,0.0,0.0,0.0
-0.6996996996996997,5.0,0.0,0.0,0.0,0.0,0.0,0.0,0.0
-0.6976976976976976,5.0,0.0,0.0,0.0,0.0,0.0,0.0,0.0
-0.6956956956956957,5.0,0.0,0.0,0.0,0.0,0.0,0.0,0.0
-0.6936936936936937,5.0,0.0,0.0,0.0,0.0,0.0,0.0,0.0
-0.6916916916916918,5.0,0.0,0.0,0.0,0.0,0.0,0.0,0.0
-0.6896896896896897,5.0,0.0,0.0,0.0,0.0,0.0,0.0,0.0
-0.6876876876876876,5.0,0.0,0.0,0.0,0.0,0.0,0.0,0.0
-0.6856856856856857,5.0,0.0,0.0,0.0,0.0,0.0,0.0,0.0
-0.6836836836836837,5.0,0.0,0.0,0.0,0.0,0.0,0.0,0.0
-0.6816816816816818,5.0,0.0,0.0,0.0,0.0,0.0,0.0,0.0
-0.6796796796796797,5.0,0.0,0.0,0.0,0.0,0.0,0.0,0.0
-0.6776776776776776,5.0,0.0,0.0,0.0,0.0,0.0,0.0,0.0
-0.6756756756756757,5.0,0.0,0.0,0.0,0.0,0.0,0.0,0.0
-0.6736736736736737,5.0,0.0,0.0,0.0,0.0,0.0,0.0,0.0
-0.6716716716716717,5.0,0.0,0.0,0.0,0.0,0.0,0.0,0.0
-0.6696696696696697,5.0,0.0,0.0,0.0,0.0,0.0,0.0,0.0
-0.6676676676676676,5.0,0.0,0.0,0.0,0.0,0.0,0.0,0.0
-0.6656656656656657,5.0,0.0,0.0,0.0,0.0,0.0,0.0,0.0
-0.6636636636636637,5.0,0.0,0.0,0.0,0.0,0.0,0.0,0.0
-0.6616616616616617,5.0,0.0,0.0,0.0,0.0,0.0,0.0,0.0
-0.6596596596596597,5.0,0.0,0.0,0.0,0.0,0.0,0.0,0.0
-0.6576576576576576,5.0,0.0,0.0,0.0,0.0,0.0,0.0,0.0
-0.6556556556556556,5.0,0.0,0.0,0.0,0.0,0.0,0.0,0.0
-0.6536536536536537,5.0,0.0,0.0,0.0,0.0,0.0,0.0,0.0
-0.6516516516516517,5.0,0.0,0.0,0.0,0.0,0.0,0.0,0.0
-0.6496496496496497,5.0,0.0,0.0,0.0,0.0,0.0,0.0,0.0
-0.6476476476476476,5.0,0.0,0.0,0.0,0.0,0.0,0.0,0.0
-0.6456456456456456,5.0,0.0,0.0,0.0,0.0,0.0,0.0,0.0
-0.6436436436436437,5.0,0.0,0.0,0.0,0.0,0.0,0.0,0.0
-0.6416416416416417,5.0,0.0,0.0,0.0,0.0,0.0,0.0,0.0
-0.6396396396396397,5.0,0.0,0.0,0.0,0.0,0.0,0.0,0.0
-0.6376376376376376,5.0,0.0,0.0,0.0,0.0,0.0,0.0,0.0
-0.6356356356356356,5.0,0.0,0.0,0.0,0.0,0.0,0.0,0.0
-0.6336336336336337,5.0,0.0,0.0,0.0,0.0,0.0,0.0,0.0
-0.6316316316316316,5.0,0.0,0.0,0.0,0.0,0.0,0.0,0.0
-0.6296296296296297,5.0,0.0,0.0,0.0,0.0,0.0,0.0,0.0
-0.6276276276276276,5.0,0.0,0.0,0.0,0.0,0.0,0.0,0.0
-0.6256256256256256,5.0,0.0,0.0,0.0,0.0,0.0,0.0,0.0
-0.6236236236236237,5.0,0.0,0.0,0.0,0.0,0.0,0.0,0.0
-0.6216216216216216,5.0,0.0,0.0,0.0,0.0,0.0,0.0,0.0
-0.6196196196196196,5.0,0.0,0.0,0.0,0.0,0.0,0.0,0.0
-0.6176176176176176,5.0,0.0,0.0,0.0,0.0,0.0,0.0,0.0
-0.6156156156156156,5.0,0.0,0.0,0.0,0.0,0.0,0.0,0.0
-0.6136136136136137,5.0,0.0,0.0,0.0,0.0,0.0,0.0,0.0
-0.6116116116116116,5.0,0.0,0.0,0.0,0.0,0.0,0.0,0.0
-0.6096096096096096,5.0,0.0,0.0,0.0,0.0,0.0,0.0,0.0
-0.6076076076076076,5.0,0.0,0.0,0.0,0.0,0.0,0.0,0.0
-0.6056056056056056,5.0,0.0,0.0,0.0,0.0,0.0,0.0,0.0
-0.6036036036036037,5.0,0.0,0.0,0.0,0.0,0.0,0.0,0.0
-0.6016016016016016,5.0,0.0,0.0,0.0,0.0,0.0,0.0,0.0
-0.5995995995995996,5.0,0.0,0.0,0.0,0.0,0.0,0.0,0.0
-0.5975975975975976,5.0,0.0,0.0,0.0,0.0,0.0,0.0,0.0
-0.5955955955955956,5.0,0.0,0.0,0.0,0.0,0.0,0.0,0.0
-0.5935935935935936,5.0,0.0,0.0,0.0,0.0,0.0,0.0,0.0
-0.5915915915915916,5.0,0.0,0.0,0.0,0.0,0.0,0.0,0.0
-0.5895895895895895,5.0,0.0,0.0,0.0,0.0,0.0,0.0,0.0
-0.5875875875875876,5.0,0.0,0.0,0.0,0.0,0.0,0.0,0.0
-0.5855855855855856,5.0,0.0,0.0,0.0,0.0,0.0,0.0,0.0
-0.5835835835835836,5.0,0.0,0.0,0.0,0.0,0.0,0.0,0.0
-0.5815815815815816,5.0,0.0,0.0,0.0,0.0,0.0,0.0,0.0
-0.5795795795795795,5.0,0.0,0.0,0.0,0.0,0.0,0.0,0.0
-0.5775775775775776,5.0,0.0,0.0,0.0,0.0,0.0,0.0,0.0
-0.5755755755755756,5.0,0.0,0.0,0.0,0.0,0.0,0.0,0.0
-0.5735735735735736,5.0,0.0,0.0,0.0,0.0,0.0,0.0,0.0
-0.5715715715715716,5.0,0.0,0.0,0.0,0.0,0.0,0.0,0.0
-0.5695695695695695,5.0,0.0,0.0,0.0,0.0,0.0,0.0,0.0
-0.5675675675675675,5.0,0.0,0.0,0.0,0.0,0.0,0.0,0.0
-0.5655655655655656,5.0,0.0,0.0,0.0,0.0,0.0,0.0,0.0
-0.5635635635635636,5.0,0.0,0.0,0.0,0.0,0.0,0.0,0.0
-0.5615615615615616,5.0,0.0,0.0,0.0,0.0,0.0,0.0,0.0
-0.5595595595595595,5.0,0.0,0.0,0.0,0.0,0.0,0.0,0.0
-0.5575575575575575,5.0,0.0,0.0,0.0,0.0,0.0,0.0,0.0
-0.5555555555555556,5.0,0.0,0.0,0.0,0.0,0.0,0.0,0.0
-0.5535535535535536,5.0,0.0,0.0,0.0,0.0,0.0,0.0,0.0
-0.5515515515515516,5.0,0.0,0.0,0.0,0.0,0.0,0.0,0.0
-0.5495495495495495,5.0,0.0,0.0,0.0,0.0,0.0,0.0,0.0
-0.5475475475475475,5.0,0.0,0.0,0.0,0.0,0.0,0.0,0.0
-0.5455455455455456,5.0,0.0,0.0,0.0,0.0,0.0,0.0,0.0
-0.5435435435435436,5.0,0.0,0.0,0.0,0.0,0.0,0.0,0.0
-0.5415415415415415,5.0,0.0,0.0,0.0,0.0,0.0,0.0,0.0
-0.5395395395395395,5.0,0.0,0.0,0.0,0.0,0.0,0.0,0.0
-0.5375375375375375,5.0,0.0,0.0,0.0,0.0,0.0,0.0,0.0
-0.5355355355355356,5.0,0.0,0.0,0.0,0.0,0.0,0.0,0.0
-0.5335335335335336,5.0,0.0,0.0,0.0,0.0,0.0,0.0,0.0
-0.5315315315315315,5.0,0.0,0.0,0.0,0.0,0.0,0.0,0.0
-0.5295295295295295,5.0,0.0,0.0,0.0,0.0,0.0,0.0,0.0
-0.5275275275275275,5.0,0.0,0.0,0.0,0.0,0.0,0.0,0.0
-0.5255255255255256,5.0,0.0,0.0,0.0,0.0,0.0,0.0,0.0
-0.5235235235235236,5.0,0.0,0.0,0.0,0.0,0.0,0.0,0.0
-0.5215215215215215,5.0,0.0,0.0,0.0,0.0,0.0,0.0,0.0
-0.5195195195195195,5.0,0.0,0.0,0.0,0.0,0.0,0.0,0.0
-0.5175175175175175,5.0,0.0,0.0,0.0,0.0,0.0,0.0,0.0
-0.5155155155155156,5.0,0.0,0.0,0.0,0.0,0.0,0.0,0.0
-0.5135135135135136,5.0,0.0,0.0,0.0,0.0,0.0,0.0,0.0
-0.5115115115115115,5.0,0.0,0.0,0.0,0.0,0.0,0.0,0.0
-0.5095095095095095,5.0,0.0,0.0,0.0,0.0,0.0,0.0,0.0
-0.5075075075075075,5.0,0.0,0.0,0.0,0.0,0.0,0.0,0.0
-0.5055055055055055,5.0,0.0,0.0,0.0,0.0,0.0,0.0,0.0
-0.5035035035035035,5.0,0.0,0.0,0.0,0.0,0.0,0.0,0.0
-0.5015015015015015,5.0,0.0,0.0,0.0,0.0,0.0,0.0,0.0
-0.49949949949949946,5.0,0.0,0.0,0.0,0.0,0.0,0.0,0.0
-0.4974974974974975,5.0,0.0,0.0,0.0,0.0,0.0,0.0,0.0
-0.49549549549549554,5.0,0.0,0.0,0.0,0.0,0.0,0.0,0.0
-0.4934934934934935,5.0,0.0,0.0,0.0,0.0,0.0,0.0,0.0
-0.4914914914914915,5.0,0.0,0.0,0.0,0.0,0.0,0.0,0.0
-0.48948948948948945,5.0,0.0,0.0,0.0,0.0,0.0,0.0,0.0
-0.4874874874874875,5.0,0.0,0.0,0.0,0.0,0.0,0.0,0.0
-0.48548548548548554,5.0,0.0,0.0,0.0,0.0,0.0,0.0,0.0
-0.48348348348348347,5.0,0.0,0.0,0.0,0.0,0.0,0.0,0.0
-0.4814814814814815,5.0,0.0,0.0,0.0,0.0,0.0,0.0,0.0
-0.47947947947947944,5.0,0.0,0.0,0.0,0.0,0.0,0.0,0.0
-0.4774774774774775,5.0,0.0,0.0,0.0,0.0,0.0,0.0,0.0
-0.47547547547547553,5.0,0.0,0.0,0.0,0.0,0.0,0.0,0.0
-0.47347347347347346,5.0,0.0,0.0,0.0,0.0,0.0,0.0,0.0
-0.4714714714714715,5.0,0.0,0.0,0.0,0.0,0.0,0.0,0.0
-0.46946946946946944,5.0,0.0,0.0,0.0,0.0,0.0,0.0,0.0
-0.4674674674674675,5.0,0.0,0.0,0.0,0.0,0.0,0.0,0.0
-0.4654654654654655,5.0,0.0,0.0,0.0,0.0,0.0,0.0,0.0
-0.46346346346346345,5.0,0.0,0.0,0.0,0.0,0.0,0.0,0.0
-0.4614614614614615,5.0,0.0,0.0,0.0,0.0,0.0,0.0,0.0
-0.45945945945945943,5.0,0.0,0.0,0.0,0.0,0.0,0.0,0.0
-0.4574574574574575,5.0,0.0,0.0,0.0,0.0,0.0,0.0,0.0
-0.4554554554554555,5.0,0.0,0.0,0.0,0.0,0.0,0.0,0.0
-0.45345345345345345,5.0,0.0,0.0,0.0,0.0,0.0,0.0,0.0
-0.4514514514514515,5.0,0.0,0.0,0.0,0.0,0.0,0.0,0.0
-0.4494494494494494,5.0,0.0,0.0,0.0,0.0,0.0,0.0,0.0
-0.44744744744744747,5.0,0.0,0.0,0.0,0.0,0.0,0.0,0.0
-0.4454454454454454,5.0,0.0,0.0,0.0,0.0,0.0,0.0,0.0
-0.44344344344344344,5.0,0.0,0.0,0.0,0.0,0.0,0.0,0.0
-0.4414414414414415,5.0,0.0,0.0,0.0,0.0,0.0,0.0,0.0
-0.4394394394394394,5.0,0.0,0.0,0.0,0.0,0.0,0.0,0.0
-0.43743743743743746,5.0,0.0,0.0,0.0,0.0,0.0,0.0,0.0
-0.4354354354354354,5.0,0.0,0.0,0.0,0.0,0.0,0.0,0.0
-0.43343343343343343,5.0,0.0,0.0,0.0,0.0,0.0,0.0,0.0
-0.4314314314314315,5.0,0.0,0.0,0.0,0.0,0.0,0.0,0.0
-0.4294294294294294,5.0,0.0,0.0,0.0,0.0,0.0,0.0,0.0
-0.42742742742742745,5.0,0.0,0.0,0.0,0.0,0.0,0.0,0.0
-0.4254254254254254,5.0,0.0,0.0,0.0,0.0,0.0,0.0,0.0
-0.42342342342342343,5.0,0.0,0.0,0.0,0.0,0.0,0.0,0.0
-0.42142142142142147,5.0,0.0,0.0,0.0,0.0,0.0,0.0,0.0
-0.4194194194194194,5.0,0.0,0.0,0.0,0.0,0.0,0.0,0.0
-0.41741741741741745,5.0,0.0,0.0,0.0,0.0,0.0,0.0,0.0
-0.4154154154154154,5.0,0.0,0.0,0.0,0.0,0.0,0.0,0.0
-0.4134134134134134,5.0,0.0,0.0,0.0,0.0,0.0,0.0,0.0
-0.41141141141141147,5.0,0.0,0.0,0.0,0.0,0.0,0.0,0.0
-0.4094094094094094,5.0,0.0,0.0,0.0,0.0,0.0,0.0,0.0
-0.40740740740740744,5.0,0.0,0.0,0.0,0.0,0.0,0.0,0.0
-0.4054054054054054,5.0,0.0,0.0,0.0,0.0,0.0,0.0,0.0
-0.4034034034034034,5.0,0.0,0.0,0.0,0.0,0.0,0.0,0.0
-0.40140140140140146,5.0,0.0,0.0,0.0,0.0,0.0,0.0,0.0
-0.3993993993993994,5.0,0.0,0.0,0.0,0.0,0.0,0.0,0.0
-0.39739739739739743,5.0,0.0,0.0,0.0,0.0,0.0,0.0,0.0
-0.39539539539539537,5.0,0.0,0.0,0.0,0.0,0.0,0.0,0.0
-0.3933933933933934,5.0,0.0,0.0,0.0,0.0,0.0,0.0,0.0
-0.39139139139139134,5.0,0.0,0.0,0.0,0.0,0.0,0.0,0.0
-0.3893893893893894,5.0,0.0,0.0,0.0,0.0,0.0,0.0,0.0
-0.3873873873873874,5.0,0.0,0.0,0.0,0.0,0.0,0.0,0.0
-0.38538538538538536,5.0,0.0,0.0,0.0,0.0,0.0,0.0,0.0
-0.3833833833833834,5.0,0.0,0.0,0.0,0.0,0.0,0.0,0.0
-0.38138138138138133,5.0,0.0,0.0,0.0,0.0,0.0,0.0,0.0
-0.3793793793793794,5.0,0.0,0.0,0.0,0.0,0.0,0.0,0.0
-0.3773773773773774,5.0,0.0,0.0,0.0,0.0,0.0,0.0,0.0
-0.37537537537537535,5.0,0.0,0.0,0.0,0.0,0.0,0.0,0.0
-0.3733733733733734,5.0,0.0,0.0,0.0,0.0,0.0,0.0,0.0
-0.37137137137137133,5.0,0.0,0.0,0.0,0.0,0.0,0.0,0.0
-0.36936936936936937,5.0,0.0,0.0,0.0,0.0,0.0,0.0,0.0
-0.3673673673673674,5.0,0.0,0.0,0.0,0.0,0.0,0.0,0.0
-0.36536536536536535,5.0,0.0,0.0,0.0,0.0,0.0,0.0,0.0
-0.3633633633633634,5.0,0.0,0.0,0.0,0.0,0.0,0.0,0.0
-0.3613613613613613,5.0,0.0,0.0,0.0,0.0,0.0,0.0,0.0
-0.35935935935935936,5.0,0.0,0.0,0.0,0.0,0.0,0.0,0.0
-0.3573573573573574,5.0,0.0,0.0,0.0,0.0,0.0,0.0,0.0
-0.35535535535535534,5.0,0.0,0.0,0.0,0.0,0.0,0.0,0.0
-0.3533533533533534,5.0,0.0,0.0,0.0,0.0,0.0,0.0,0.0
-0.3513513513513513,5.0,0.0,0.0,0.0,0.0,0.0,0.0,0.0
-0.34934934934934936,5.0,0.0,0.0,0.0,0.0,0.0,0.0,0.0
-0.3473473473473474,5.0,0.0,0.0,0.0,0.0,0.0,0.0,0.0
-0.34534534534534533,5.0,0.0,0.0,0.0,0.0,0.0,0.0,0.0
-0.3433433433433434,5.0,0.0,0.0,0.0,0.0,0.0,0.0,0.0
-0.3413413413413413,5.0,0.0,0.0,0.0,0.0,0.0,0.0,0.0
-0.33933933933933935,5.0,0.0,0.0,0.0,0.0,0.0,0.0,0.0
-0.3373373373373374,5.0,0.0,0.0,0.0,0.0,0.0,0.0,0.0
-0.3353353353353353,5.0,0.0,0.0,0.0,0.0,0.0,0.0,0.0
-0.33333333333333337,5.0,0.0,0.0,0.0,0.0,0.0,0.0,0.0
-0.3313313313313313,5.0,0.0,0.0,0.0,0.0,0.0,0.0,0.0
-0.32932932932932935,5.0,0.0,0.0,0.0,0.0,0.0,0.0,0.0
-0.3273273273273274,5.0,0.0,0.0,0.0,0.0,0.0,0.0,0.0
-0.3253253253253253,5.0,0.0,0.0,0.0,0.0,0.0,0.0,0.0
-0.32332332332332336,5.0,0.0,0.0,0.0,0.0,0.0,0.0,0.0
-0.3213213213213213,5.0,0.0,0.0,0.0,0.0,0.0,0.0,0.0
-0.31931931931931934,5.0,0.0,0.0,0.0,0.0,0.0,0.0,0.0
-0.31731731731731727,5.0,0.0,0.0,0.0,0.0,0.0,0.0,0.0
-0.3153153153153153,5.0,0.0,0.0,0.0,0.0,0.0,0.0,0.0
-0.31331331331331336,5.0,0.0,0.0,0.0,0.0,0.0,0.0,0.0
-0.3113113113113113,5.0,0.0,0.0,0.0,0.0,0.0,0.0,0.0
-0.30930930930930933,5.0,0.0,0.0,0.0,0.0,0.0,0.0,0.0
-0.30730730730730726,5.0,0.0,0.0,0.0,0.0,0.0,0.0,0.0
-0.3053053053053053,5.0,0.0,0.0,0.0,0.0,0.0,0.0,0.0
-0.30330330330330335,5.0,0.0,0.0,0.0,0.0,0.0,0.0,0.0
-0.3013013013013013,5.0,0.0,0.0,0.0,0.0,0.0,0.0,0.0
-0.2992992992992993,5.0,0.0,0.0,0.0,0.0,0.0,0.0,0.0
-0.29729729729729726,5.0,0.0,0.0,0.0,0.0,0.0,0.0,0.0
-0.2952952952952953,5.0,0.0,0.0,0.0,0.0,0.0,0.0,0.0
-0.29329329329329334,5.0,0.0,0.0,0.0,0.0,0.0,0.0,0.0
-0.2912912912912913,5.0,0.0,0.0,0.0,0.0,0.0,0.0,0.0
-0.2892892892892893,5.0,0.0,0.0,0.0,0.0,0.0,0.0,0.0
-0.28728728728728725,5.0,0.0,0.0,0.0,0.0,0.0,0.0,0.0
-0.2852852852852853,5.0,0.0,0.0,0.0,0.0,0.0,0.0,0.0
-0.28328328328328334,5.0,7.976572775360005e-66,-1.6195978108753177e-68,-2.696181830244896e-68,-3.760336186207416e-68,-4.836212748471351e-68,-5.876800611706606e-68,0.0
-0.28128128128128127,5.0,5.83220479000461e-63,-1.1841960672190686e-65,-1.9713585054538644e-65,-2.749432787095301e-65,-3.536077956217602e-65,-4.296921201969523e-65,0.0
-0.2792792792792793,5.0,2.5617241961102775e-60,-5.201435524919767e-63,-8.658949684489675e-63,-1.2076545234405912e-62,-1.5531787353042606e-62,-1.8873697697875052e-62,0.0
-0.27727727727727725,5.0,5.441982740749771e-58,-1.1049636958075391e-60,-1.839458549345918e-60,-2.5654733180609633e-60,-3.2994855120076647e-60,-4.0094221416154054e-60,0.0
-0.2752752752752753,5.0,8.680967302830433e-56,-1.76262112011005e-58,-2.934276031824345e-58,-4.092403642445723e-58,-5.263288622990929e-58,-6.395768632998704e-58,0.0
-0.27327327327327333,5.0,8.988564657839513e-54,-1.82507701649987e-56,-3.0382478030302364e-56,-4.237411968376796e-56,-5.449785542355379e-56,-6.622393321945406e-56,0.0
-0.27127127127127126,5.0,8.036895316611571e-52,-1.6318459603636882e-54,-2.7165716071900874e-54,-3.7887735917323747e-54,-4.872786431334522e-54,-5.92124370240616e-54,0.0
-0.2692692692692693,5.0,6.047299788217408e-50,-1.2278698852918882e-52,-2.0440633176946994e-52,-2.850833417169199e-52,-3.6664905032832445e-52,-4.455394076557565e-52,0.0
-0.26726726726726724,5.0,3.7217022870907265e-48,-7.556705174835892e-51,-1.2579821392756003e-50,-1.754494339682939e-50,-2.2564758767628513e-50,-2.741992443788307e-50,0.0
-0.2652652652652653,5.0,2.3024822970102018e-46,-4.6750595686110215e-49,-7.782679489662476e-49,-1.0854420492839633e-48,-1.395999829942976e-48,-1.6963713304681138e-48,0.0
-0.2632632632632632,5.0,1.3601028154814316e-44,-2.761611539888024e-47,-4.597318424391179e-47,-6.411831218811373e-47,-8.246331802778801e-47,-1.0020660856622607e-46,0.0
-0.26126126126126126,5.0,7.021194365705121e-43,-1.42561364945522e-45,-2.3732519226689566e-45,-3.309949271109734e-45,-4.256964821509548e-45,-5.172918307816048e-45,0.0
-0.2592592592592593,5.0,3.173046604712848e-41,-6.442690964561968e-44,-1.0725296243236401e-43,-1.4958456851396041e-43,-1.9238247895899658e-43,-2.3377662001846937e-43,0.0
-0.25725725725725723,5.0,1.3057740245751778e-39,-2.6513000147539723e-42,-4.413680284270274e-42,-6.155713053590394e-42,-7.916935207788166e-42,-9.620389360802471e-42,0.0
-0.2552552552552553,5.0,5.085342879323291e-38,-1.0325499969541324e-40,-1.7189097947116649e-40,-2.3973452492607053e-40,-3.083254018480552e-40,-3.746665013357962e-40,0.0
-0.2532532532532532,5.0,1.9264888252237383e-36,-3.9116261731434014e-39,-6.511774308363472e-39,-9.081902523588628e-39,-1.1680342019965011e-38,-1.4193552826965628e-38,0.0
-0.25125125125125125,5.0,7.116689514939579e-35,-1.4450033972836487e-37,-2.4055304830850056e-37,-3.354967836775287e-37,-4.314863730119959e-37,-5.243275084747823e-37,0.0
-0.2492492492492493,5.0,2.592849788009596e-33,-5.2646342719531495e-36,-8.764158096295045e-36,-1.2223278289857597e-35,-1.5720502467398727e-35,-1.9103017861640984e-35,0.0
-0.24724724724724723,5.0,7.890576151371237e-32,-1.602136684665184e-34,-2.667113890718643e-34,-3.719795439425093e-34,-4.784072815573765e-34,-5.813441945435415e-34,0.0
-0.24524524524524527,5.0,2.144042587617642e-30,-4.3533567349321426e-33,-7.247133362667825e-33,-1.0107499992845648e-32,-1.2999375029251154e-32,-1.579639670480872e-32,0.0
-0.2432432432432432,5.0,5.870316015077976e-29,-1.1919343350738133e-31,-1.984240578427435e-31,-2.767399277564337e-31,-3.5591848716498828e-31,-4.324999936675726e-31,0.0
-0.24124124124124124,5.0,1.746450444006819e-27,-3.546068462702655e-30,-5.903221956552384e-30,-8.233161016600205e-30,-1.0588765551001981e-29,-1.2867106370995688e-29,0.0
-0.2392392392392393,5.0,4.347731878888742e-26,-8.827822714879239e-29,-1.4695880078781416e-28,-2.049618799017981e-28,-2.636038926964851e-28,-3.2032245031747353e-28,0.0
-0.23723723723723722,5.0,1.0195107527442282e-24,-2.0700586953948732e-27,-3.446074454155814e-27,-4.806203470761486e-27,-6.181315006434865e-27,-7.511322950473967e-27,0.0
-0.23523523523523526,5.0,2.7375675617077146e-23,-5.558475494339094e-26,-9.253322356368823e-26,-1.2905510492270932e-25,-1.659792935460925e-25,-2.0169237057460377e-25,0.0
-0.2332332332332332,5.0,5.809517762206468e-22,-1.1795895950421155e-24,-1.9636900049769975e-24,-2.738737610859916e-24,-3.522322763837082e-24,-4.280206361824922e-24,0.0
-0.23123123123123124,5.0,1.3187596096962754e-20,-2.677666508017886e-23,-4.4575731937247627e-23,-6.216930028606002e-23,-7.995667081836888e-23,-9.716061646046041e-23,0.0
-0.22922922922922928,5.0,3.8368131801152944e-19,-7.790431307099607e-22,-1.2968910675806013e-21,-1.808760209080388e-21,-2.3262678518392915e-21,-2.826801269030968e-21,0.0
-0.2272272272272272,5.0,6.7612315947114244e-18,-1.372829684879473e-20,-2.2853812394278473e-20,-3.18739696169509e-20,-4.099348850012202e-20,-4.981388760650631e-20,0.0
-0.22522522522522526,5.0,1.6172038399681966e-16,-3.2836405718537893e-19,-5.46635219400695e-19,-7.623863394929704e-19,-9.805140688856845e-19,-1.1914872193403174e-18,0.0
-0.2232232232232232,4.999999999999998,7.478646026913844e-16,-1.518496611842721e-18,-2.5278763324124812e-18,-3.525602294473044e-18,-4.534318719988482e-18,-5.509949295701231e-18,0.0
-0.22122122122122123,4.999999999999993,3.0689799657122937e-15,-6.23138956299877e-18,-1.0373537926588588e-17,-1.4467863260098818e-17,-1.860728968815947e-17,-2.2610943130271063e-17,0.0
-0.21921921921921927,4.999999999999976,1.0989540554242057e-14,-2.2313638106777945e-17,-3.7146027999161245e-17,-5.180717104915454e-17,-6.662981411320466e-17,-8.096627520411455e-17,0.0
-0.2172172172172172,4.999999999999917,3.7026977447028924e-14,-7.518117530599752e-17,-1.251558365140884e-16,-1.74553517006766e-16,-2.2449533829847535e-16,-2.72799070275553e-16,0.0
-0.21521521521521525,4.999999999999731,1.2023952167198202e-13,-2.4413952152760044e-16,-4.0642469233250466e-16,-5.668362053338651e-16,-7.290147334660554e-16,-8.858738137462274e-16,0.0
-0.21321321321321318,4.999999999999157,3.7650390396188524e-13,-7.644697990174845e-16,-1.2726305061921227e-15,-1.7749242615699325e-15,-2.282751040415121e-15,-2.773921125559624e-15,0.0
-0.21121121121121122,4.999999999997445,1.1412852522959393e-12,-2.3173149023520118e-15,-3.857687564606247e-15,-5.380275907783846e-15,-6.919636342877313e-15,-8.408505830406669e-15,0.0
-0.20920920920920927,4.999999999992494,3.3525179715596197e-12,-6.8070973845292924e-15,-1.1331932015242923e-14,-1.5804525324869994e-14,-2.0326386544912673e-14,-2.4699930936388852e-14,0.0
-0.2072072072072072,4.999999999978617,9.550532102876327e-12,-1.9391813153587496e-14,-3.228199861047543e-14,-4.502336087883149e-14,-5.790507579080091e-14,-7.03642710788192e-14,0.0
-0.20520520520520524,4.999999999940878,2.6405921933557636e-11,-5.361572515245693e-14,-8.925533425692138e-14,-1.2448346749218479e-13,-1.600996566923498e-13,-1.9454763661521837e-13,0.0
-0.20320320320320318,4.999999999841244,7.090450557194393e-11,-1.4396757259434308e-13,-2.3966613857271035e-13,-3.342598200810101e-13,-4.298954995319089e-13,-5.223943333379357e-13,0.0
-0.20120120120120122,4.9999999995857385,1.850161827224395e-10,-3.7566485378733303e-13,-6.253779464516642e-13,-8.722079852764258e-13,-1.1217569836400499e-12,-1.3631207869669205e-12,0.0
-0.19919919919919926,4.999999998948913,4.694220099138035e-10,-9.531347374368024e-13,-1.586705380555073e-12,-2.2129611558133835e-12,-2.8461154598020117e-12,-3.45850233333893e-12,0.0
-0.1971971971971972,4.999999997405443,1.158716035211144e-09,-2.352707118526039e-12,-3.916605803154161e-12,-5.46244854981282e-12,-7.025319547592247e-12,-8.536928452439984e-12,0.0
-0.19519519519519524,4.999999993765845,2.7840714370989826e-09,-5.652898979688696e-12,-9.410511310190643e-12,-1.3124740257921368e-11,-1.6879883343568286e-11,-2.0511857917944357e-11,0.0
-0.19319319319319317,4.999999985411798,6.514675608321223e-09,-1.3227678955542563e-11,-2.2020422240956688e-11,-3.071164921354466e-11,-3.9498614511691834e-11,-4.799736777284141e-11,0.0
-0.1911911911911912,4.999999966738261,1.4853327745448321e-08,-3.0158838807311615e-11,-5.0206114546640743e-11,-7.00219351570915e-11,-9.005603720293723e-11,-1.0943302166532712e-10,0.0
-0.18918918918918914,4.999999926072236,3.301213305430917e-08,-6.702926269611572e-11,-1.115851595724656e-10,-1.556266378737416e-10,-2.0015325567264614e-10,-2.4321940252604046e-10,0.0
-0.1871871871871872,4.999999839756137,7.155401441425728e-08,-1.4528636795230724e-10,-2.418615676037854e-10,-3.373217615708587e-10,-4.3383349862688615e-10,-5.271796551909917e-10,0.0
-0.18518518518518523,4.9999996611166715,1.5131735443477038e-07,-3.072413166381156e-10,-5.114717059548095e-10,-7.133441600878048e-10,-9.174403431936691e-10,-1.1148421805028419e-09,0.0
-0.18318318318318316,4.9999993004959205,3.123302335849748e-07,-6.341688915680573e-10,-1.0557155799497892e-09,-1.4723953143320342e-09,-1.8936649910849127e-09,-2.3011170390682026e-09,0.0
-0.1811811811811812,4.999998590156696,6.294759087681455e-07,-1.2781154421551755e-09,-2.1277082536696753e-09,-2.9674921154060572e-09,-3.816526632502901e-09,-4.637712843139508e-09,0.0
-0.17917917917917914,4.999997224413254,1.2392153005101715e-06,-2.5161576658584546e-09,-4.188705693703528e-09,-5.8419433551469275e-09,-7.513392297899072e-09,-9.130017736356803e-09,0.0
-0.17717717717717718,4.999994660521042,2.38382122768751e-06,-4.840218685780392e-09,-8.057623661154739e-09,-1.1237882120552048e-08,-1.4453172833245535e-08,-1.756300194423745e-08,0.0
-0.17517517517517522,4.999989959530204,4.48240164257338e-06,-9.101279833036214e-09,-1.5151110379344344e-08,-2.1131092539369897e-08,-2.717694753464203e-08,-3.30244979932261e-08,0.0
-0.17317317317317316,4.9999815385749296,8.241436568144672e-06,-1.6733829209448753e-08,-2.7857191194565292e-08,-3.885212785098186e-08,-4.996818026627054e-08,-6.071962404372754e-08,0.0
-0.1711711711711712,4.999966797416483,1.4821410104742096e-05,-3.009422639327704e-08,-5.0098551994533104e-08,-6.987191531151155e-08,-8.986309524931049e-08,-1.0919855685798106e-07,0.0
-0.16916916916916913,4.999941573578294,2.6079897752569908e-05,-5.2954354551171485e-08,-8.815433295710269e-08,-1.2294790182858863e-07,-1.5812474862447195e-07,-1.92147769931619e-07,0.0
-0.16716716716716717,4.999899374277599,4.4914254345450406e-05,-9.119763170965968e-08,-1.518187937571811e-07,-2.1174002838373362e-07,-2.723213525832234e-07,-3.3091553332827217e-07,0.0
-0.16516516516516522,4.999830333791851,7.57277956430438e-05,-1.5376607376647808e-07,-2.5597790917852133e-07,-3.5700958207609036e-07,-4.591542458203369e-07,-5.579483450679288e-07,0.0
-0.16316316316316315,4.999719866646726,0.00012504398724943403,-2.2683642644731134e-06,-3.5828106109266278e-06,-4.62472402121405e-06,-5.372786109808593e-06,-5.603814159334921e-06,0.0
-0.1611611611611612,4.999546938100867,0.00020222189351133386,-2.6577526451024726e-06,-4.232556600918754e-06,-5.529890748502973e-06,-6.5472567866098685e-06,-7.011621573979478e-06,0.0
-0.15915915915915912,4.999282026615367,0.000320443972350517,-3.805757389224796e-06,-6.14696767806635e-06,-8.193911712054381e-06,-1.0026946737035265e-05,-1.1215509447609102e-05,3.0
-0.15715715715715717,4.998884839494033,0.0004976931421970833,-5.980682376416969e-06,-9.76078648408539e-06,-1.3203279858957416e-05,-1.6576048251062348e-05,-1.9189542583261193e-05,5.0
-0.1551551551551552,4.99830185468081,0.0007578482867766671,-9.391194886046771e-06,-1.5392162692130317e-05,-2.0945388022977807e-05,-2.660357207621742e-05,-3.1283417920875815e-05,5.0
-0.15315315315315314,4.997463960736603,0.0011317422653841502,-1.4473251345437998e-05,-2.372961229234102e-05,-3.2299785388629244e-05,-4.109522312548582e-05,-4.8379008479633566e-05,5.0
-0.1511511511511512,4.9962844633265675,0.0016580562415662817,-2.1876917547385895e-05,-3.5824323651103484e-05,-4.8666802075509096e-05,-6.17896225756038e-05,-7.243434628623786e-05,5.0
-0.14914914914914912,4.9946577924951505,0.0023839037031978504,-3.2483234719887265e-05,-5.311954668146792e-05,-7.201362817219204e-05,-9.125887338625066e-05,-0.00010661057525489164,5.0
-0.14714714714714716,4.99245925988147,0.0033649516247368904,-4.74262908492107e-05,-7.7470875110806e-05,-0.00010486075361909609,-0.00013276874592873955,-0.0001548169960924049,5.0
-0.1451451451451452,4.989546169505948,0.004664947071218782,-6.811315193140577e-05,-0.00011116228705437161,-0.00015026639626545247,-0.00019017851192856003,-0.000221456669761029,5.0
-0.14314314314314314,4.985760476840273,0.006354564368533607,-9.624336605138225e-05,-0.00015693449271024572,-0.00021186338280022757,-0.0002680200925399573,-0.0003116206584531658,5.0
-0.14114114114114118,4.9809330260818125,0.008509560876179233,-0.000133827179734381,-0.00021801908331672699,-0.00029391834528801725,-0.00037162367668010286,-0.0004313165787491073,5.0
-0.1391391391391391,4.974889195440422,0.011208319297219115,-0.00018319502992701552,-0.0002981551051583674,-0.0004013544002708151,-0.0005071510472151815,-0.0005874836710816285,5.0
-0.13713713713713716,4.967455575652559,0.014528942956674023,-0.00024699127502107043,-0.0004015738622619609,-0.0005397177108105976,-0.0006815328901830895,-0.000787871037061154,5.0
-0.1351351351351351,4.9584671398294855,0.018546140133766154,-0.00032815095577524474,-0.0005329539286953148,-0.000715101800943635,-0.0009023568802294626,-0.0010408764344499695,5.0
-0.13313313313313313,4.947774272034574,0.0233281711941423,-0.0004298624197763486,-0.0006973540108260719,-0.0009340448356493459,-0.0011777298163680003,-0.0013553665521605777,5.0
-0.13113113113113117,4.935249026575294,0.028934129209295608,-0.0005555193845148317,-0.0009001297130284163,-0.0012034071981532706,-0.00151611771411305,-0.0017404747479814328,5.0
-0.1291291291291291,4.920790087667945,0.03541178111788755,-0.0007086657855649249,-0.0011468390180510118,-0.0015302345683903685,-0.0019261669000509014,-0.0022053763821174976,5.0
-0.12712712712712715,4.90432606919384,0.04279612214125502,-0.0008929367903422713,-0.0014431417279961343,-0.001921613378411449,-0.002416514049244367,-0.002759050937226688,5.0
-0.12512512512512508,4.885817001647107,0.05110870664125349,-0.001111999475096239,-0.001794698722066452,-0.0023845270259933945,-0.0029955966737837923,-0.003410046441068137,5.0
-0.12312312312312312,4.865254058933572,0.06035773078581932,-0.0013694965073320112,-0.002207076758756005,-0.002925721182425474,-0.0036714757770845256,-0.004166261849170317,5.0
-0.12112112112112117,4.842657748163344,0.07053877033762168,-0.0016689956337260948,-0.0026856635785650735,-0.0035515849887250333,-0.004451679830345226,-0.005034758808174177,5.0
-0.1191191191191191,4.81807490018241,0.08163602911094027,-0.0020139469363081664,-0.003235596555127805,-0.004268052599849415,-0.005343075715805616,-0.0060216092065749184,5.0
-0.11711711711711714,4.791574851006116,0.09362393239166583,-0.0024076488840579628,-0.003861706523108189,-0.005080527168031703,-0.0063517691476968376,-0.0071317810635472805,5.0
-0.11511511511511507,4.763245200739583,0.10646890192060565,-0.002853223360872272,-0.004568476998686207,-0.005993827384966134,-0.00748303468481063,-0.008369062616191305,5.0
-0.11311311311311312,4.7331874911599785,0.12013116873516483,-0.003353599198576885,-0.005360017937616809,-0.007012155234238496,-0.008741273653621822,-0.009736022396206731,5.0
-0.11111111111111116,4.7015130729396875,0.13456650999739017,-0.003911503305618936,-0.006240052452672776,-0.008139082602033736,-0.010129996981507699,-0.011234001434906866,5.0
-0.10910910910910909,4.668339354342894,0.14972782925018896,-0.004529458233200501,-0.007211914493667674,-0.009377553799418898,-0.011651829094060217,-0.012863132620699946,5.0
-0.10710710710710714,4.63378654734594,0.1655665312741779,-0.005209784923808865,-0.008278555327848573,-0.010729900812061035,-0.013308528672083108,-0.014622381766384952,5.0
-0.10510510510510507,4.597974962292887,0.18203366971312318,-0.0059546094063234615,-0.009442556692933968,-0.012197868148974224,-0.015101022131002475,-0.016509605057613067,5.0
-0.10310310310310311,4.561022852058788,0.1990808664743017,-0.006765872303174708,-0.010706148672144884,-0.013782644427834891,-0.017029446048974287,-0.018521618053618717,5.0
-0.10110110110110115,4.523044771721795,0.21666101646246222,-0.007645340166228779,-0.012071230602547391,-0.015484898222359702,-0.019093195289617712,-0.02065427209362701,5.0
-0.09909909909909909,4.484150398350061,0.23472880015257325,-0.008594617830860869,-0.013539393624626297,-0.017304816131838374,-0.02129097413344252,-0.022902534687612396,5.0
-0.09709709709709713,4.444443745070693,0.25324103092427946,-0.009615161150345188,-0.01511194377533565,-0.01924214146142318,-0.023620848284424196,-0.025260571166721972,5.0
-0.09509509509509506,4.40402270123177,0.27215686514572784,-0.010708289631300548,-0.01678992479640652,-0.021296212293642824,-0.026080296122817922,-0.027721825505693028,5.0
-0.0930930930930931,4.362978833548181,0.2914379017936578,-0.011875198628442676,-0.018574140063527422,-0.023465998072489055,-0.02866625801775296,-0.03027909879216101,5.0
-0.09109109109109115,4.321397389454482,0.31104819583353255,-0.01311697087114189,-0.020465173236860007,-0.025750134106847594,-0.0313751828875248,-0.0329246242971843,5.0
-0.08908908908908908,4.279357451817853,0.330954206346437,-0.014434587185975175,-0.022463407390271386,-0.028146953631074768,-0.03420307150119459,-0.03565013849437048,5.0
-0.08708708708708712,4.236932202529995,0.3511246969633189,-0.015828936350764107,-0.02456904249900634,-0.030654517241387427,-0.03714551625582368,-0.03844694768476229,5.0
-0.08508508508508505,4.194189260548291,0.371530602864902,-0.017300824069313908,-0.026782111257778976,-0.03327063966348673,-0.040197737346419266,-0.04130599011948099,5.0
-0.0830830830830831,4.1511910672587256,0.3921448756070885,-0.018850981095221563,-0.029102493268377806,-0.03599291390638835,-0.04335461537920718,-0.044217893683128444,5.0
-0.08108108108108114,4.107995298377365,0.4129423144209214,-0.020480070560637765,-0.03152992768274506,-0.0388187329267393,-0.04661072057220218,-0.04717302931956086,5.0
-0.07907907907907907,4.06465528693783,0.4338993904338933,-0.022188694584443686,-0.03406402441862026,-0.0417453089733972,-0.04996033874850587,-0.05016156045828352,5.0
-0.07707707707707712,4.021220446269734,0.45499406844816476,-0.023977400246283677,-0.03670427408414531,-0.044769690809301745,-0.05339749436445891,-0.053173488743288616,5.0
-0.07507507507507505,3.977736685352655,0.47620562945353423,-0.025846685020237382,-0.039450056758564875,-0.047888779021296714,-0.056915970832614814,-0.05619869638409505,5.0
-0.07307307307307309,3.93424681165098,0.4975144959026775,-0.02779700176618797,-0.04230064978092672,-0.051099339632260696,-0.060509328403260454,-0.059226985447140515,5.0
-0.07107107107107113,3.8907909186201586,0.5189020608854796,-0.029828763379370966,-0.04525523469950939,-0.05439801622654364,-0.06417091986163721,-0.06224811438939282,5.0
-0.06906906906906907,3.847406756639545,0.540350521662993,-0.03194234720009062,-0.048312903533099964,-0.05778134079145319,-0.06789390428398347,-0.06525183210889855,5.0
-0.06706706706706711,3.8041300872721022,0.5618427175192563,-0.03413809928683782,-0.051472664492308175,-0.061245743465951206,-0.07167125907612888,-0.06822790975186074,5.0
-0.06506506506506504,3.760995021561659,0.5833619715266289,-0.03641633865750082,-0.05473344730558489,-0.06478756137388839,-0.07549579049510201,-0.071166170474894,5.0
-0.06306306306306309,3.7180343436232,0.6048919355698055,-0.0387773616053193,-0.05809410829097665,-0.06840304670369672,-0.07936014282804535,-0.07405651731596088,5.0
-0.06106106106106102,3.6752798211149447,0.6264164378141449,-0.04122144619883328,-0.061553435311101856,-0.0720883741798168,-0.08325680637425496,-0.07688895927937603,5.0
-0.05905905905905906,3.632762504343462,0.6479193317206702,-0.04374885707831157,-0.06511015274535843,-0.0758396480533204,-0.0871781243456599,-0.07965363569018055,5.0
-0.0570570570570571,3.5905130157733445,0.669384345693932,-0.046359850664833537,-0.06876292660970282,-0.0796529087199881,-0.09111629876858912,-0.08234083882204031,5.0
-0.055055055055055035,3.548561831608321,0.6907949324961475,-0.049054680901961266,-0.07251036994993085,-0.08352413905304314,-0.09506339543512499,-0.08494103475155872,5.0
-0.05305305305305308,3.5069395568884274,0.7121341176726841,-0.05183360565312156,-0.07635104862835074,-0.08744927051405989,-0.09901134791548294,-0.08744488234165386,5.0
-0.05105105105105101,3.4656771952058065,0.7333843464157992,-0.05469689387940593,-0.08028348761474415,-0.09142418907816112,-0.10295196060342705,-0.08984325020893737,5.0
-0.049049049049049054,3.4248064136695016,0.7545273285558696,-0.05764483372098797,-0.08430617787866043,-0.09544474097700509,-0.10687691072448842,-0.09212723148691089,5.0
-0.0470470470470471,3.384359803129249,0.7755438817270909,-0.06067774159861449,-0.08841758395879148,-0.09950673822333174,-0.11077774919165403,-0.09428815616115134,5.0
-0.04504504504504503,3.3443711328754326,0.7964137732270499,-0.0637959724366784,-0.09261615225293257,-0.10360596383157383,-0.11464590014549068,-0.09631760072844747,5.0
-0.04304304304304307,3.3048755980374285,0.8171155617000471,-0.06699993108222041,-0.09690032002430707,-0.10773817658733359,-0.11847265896621943,-0.09820739492447875,5.0
-0.041041041041041004,3.2659100566726935,0.8376264405489172,-0.07029008494954352,-0.10126852505102499,-0.11189911514099157,-0.12224918849580568,-0.09994962528126856,5.0
-0.03903903903903905,3.22751325204088,0.8579220859471061,-0.07366697785116937,-0.10571921574803556,-0.11608450110362128,-0.12596651316181678,-0.10153663532568848,5.0
-0.03703703703703709,3.189726013762038,0.8779765135080924,-0.07713124487417289,-0.11025086145665236,-0.12029004070296545,-0.1296155106567912,-0.10296102232569468,5.0
-0.03503503503503502,3.1525914294479214,0.8977619490932411,-0.08068362801634257,-0.11486196241602623,-0.12451142441025866,-0.13318690080519363,-0.10421563064662262,5.0
-0.033033033033033066,3.1161549759740153,0.9172487209096346,-0.08432499209750446,-0.11955105869378098,-0.1287443237733897,-0.13667123125670844,-0.10529354201364291,5.0
-0.031031031031030998,3.0804645968654487,0.9364051819527602,-0.08805634019522092,-0.12431673705008403,-0.13298438448945765,-0.14005885969688855,-0.10618806330905133,5.0
-0.02902902902902904,3.0455707093928903,0.9551976739376455,-0.09187882750879627,-0.12915763433400682,-0.13722721452635656,-0.1433399323879215,-0.10689271298690743,5.0
-0.027027027027027084,3.0115261220784975,0.9735905460398393,-0.09579377212139163,-0.13407243556208198,-0.14146836587262865,-0.14650435907535136,-0.10740120778496864,5.0
-0.025025025025025016,2.9783858406571087,0.9915462438715049,-0.09980266060291175,-0.13905986431518816,-0.1457033082827673,-0.14954178466162418,-0.1077074521735162,5.0
-0.02302302302302306,2.9462067385033492,1.0090254859001433,-0.10390714578191887,-0.1441186625350647,-0.14992739323197252,-0.15244155860336203,-0.10780553391183165,5.0
-0.02102102102102099,2.915047066635686,1.025987545630415,-0.10810903333423288,-0.14924755625092143,-0.1541358062595171,-0.15519270379132435,-0.10768973017752755,5.0
-0.019019019019019034,2.88496577929578,1.0423906578594064,-0.11241025313159883,-0.1544452032920222,-0.15832350604385698,-0.15778388777504843,-0.10735452995475696,5.0
-0.017017017017017078,2.856021654540813,1.058192565633755,-0.11681281063549132,-0.15971011874755958,-0.16248514901580785,-0.16020340064215774,-0.1067946796353822,5.0
-0.01501501501501501,2.8282721960923656,1.0733512205781122,-0.12131871310883573,-0.16504057395539234,-0.1666149991913413,-0.16243914567072087,-0.10600525996621549,5.0
-0.013013013013013053,2.8017723136046153,1.0878256424444348,-0.12592986518100707,-0.17043446529363426,-0.1707068243018754,-0.1644786510041456,-0.10498180335922257,5.0
-0.011011011011010985,2.7765727940478033,1.1015769336108543,-0.1306479284867218,-0.17588915017315754,-0.17475378129456032,-0.1663091129304041,-0.1037204608878411,5.0
-0.009009009009009028,2.7527185970697805,1.1145694307113476,-0.13547414085353388,-0.18140124951157613,-0.17874829687353078,-0.1679174836432942,-0.10221822767125051,5.0
-0.00700700700700696,2.7302470312715985,1.126771958989123,-0.14040909194819282,-0.18696641865600966,-0.1826819518411064,-0.1692906182438521,-0.10047323341249723,5.0
-0.005005005005005003,2.709185894595929,1.138159136425615,-0.145452454448585,-0.19257909212292168,-0.18654538129496182,-0.17041549667951575,-0.0984851012428227,5.0
-0.0030030030030030463,2.6895516876388426,1.148712656113626,-0.150602672613975,-0.19823221136664115,-0.1903282057690869,-0.17127953567713633,-0.09625537248795447,5.0
-0.0010010010010009784,2.671348029766963,1.1584224594219628,-0.15585661337935738,-0.20391694860470377,-0.19401901051835194,-0.17187100283218537,-0.09378798750354614,5.0
0.0010010010010010895,2.6545644198945144,1.1672877024880433,-0.16120918848188784,-0.20962244289168677,-0.19760539057863408,-0.17217953930785487,-0.09108980367595533,5.0
0.0030030030030030463,2.639175482142478,1.17531741775545,-0.16665295926903526,-0.2153355664715784,-0.20107407726581447,-0.17219678880361727,-0.08817112184783714,5.0
0.005005005005005003,2.6251408179200704,1.1825307832262215,-0.1721777384281081,-0.22104073940907232,-0.20441115692407175,-0.1719171187838772,-0.08504618305855005,5.0
0.00700700700700696,2.61240554895663,1.1889569358845002,-0.17777020478981212,-0.22671980838841033,-0.20760238495693606,-0.1713384062418854,-0.081733590185645,5.0
0.009009009009008917,2.600901582252778,1.1946343012363916,-0.18341354874659857,-0.23235200164149256,-0.21063358802149404,-0.1704628459768162,-0.07825660553486384,5.0
0.011011011011011096,2.5905495630094086,1.1996094545039238,-0.1890871671112699,-0.23791396699663592,-0.21349113588540763,-0.1692977264417645,-0.07464327710170056,5.0
0.013013013013013053,2.5812614134847047,1.2039355749842449,-0.19476642796157317,-0.24337989514240518,-0.2161624534311848,-0.16785610883051563,-0.07092635393955801,5.0
0.01501501501501501,2.5729432942258295,1.2076705965600234,-0.20042252854343126,-0.2487217265087982,-0.2186365343804632,-0.1661573411626923,-0.06714296471411725,5.0
0.017017017017016967,2.565498778761913,1.210875187711982,-0.20602247250655262,-0.2539094384200995,-0.220904413027403,-0.16422734206179443,-0.06333405195596876,5.0
0.019019019019018923,2.558832010869627,1.2136107087821522,-0.2115291957412987,-0.2589114093888765,-0.2229595496245255,-0.16209859919560113,-0.05954357568003197,5.0
0.021021021021021102,2.5528506183047255,1.2159372906719477,-0.21690187124225122,-0.26369485879821336,-0.22479808939897417,-0.159809844496044,-0.055817521278212885,5.0
0.02302302302302306,2.5474681872843474,1.2179121588881854,-0.22209642067475183,-0.2682263613432734,-0.2264189641841202,-0.15740539093551487,-0.052202765160631194,5.0
0.025025025025025016,2.5426061527626587,1.2195882939469558,-0.22706625176824705,-0.2724724349023981,-0.22782381850312058,-0.15493414173963715,-0.048745865141971885,5.0
0.027027027027026973,2.538195022641998,1.221013479422293,-0.23176322530313503,-0.2764001968150066,-0.22901675744316732,-0.15244830991629574,-0.04549184941493655,5.0
0.02902902902902893,2.5341749204520565,1.2222297485718516,-0.2361388337968724,-0.27997807655147344,-0.2300039303558422,-0.1500019110947629,-0.042483077457082886,5.0
0.03103103103103111,2.5304954923170815,1.2232732048101194,-0.24014554828635346,-0.2831765632124796,-0.2307929806471921,-0.14764911313756146,-0.03975823871145993,5.0
0.033033033033033066,2.5271152737040405,1.224174163978811,-0.2437382636235438,-0.28596895585204135,-0.23139240587464563,-0.14544253937509552,-0.03735154157161453,5.0
0.03503503503503502,2.524000645475684,1.2249575490788192,-0.24687575104395212,-0.28833207545318695,-0.23181088224586915,-0.14343162684758579,-0.035292127934832204,5.0
0.03703703703703698,2.5211245256590415,1.225643460811981,-0.24952201384289222,-0.29024689165097156,-0.23205661188555032,-0.14166113584347068,-0.03360372954699196,5.0
0.039039039039038936,2.518464943767563,1.2262478485859147,-0.2516474409971771,-0.2916990166185596,-0.23213674897019013,-0.14016989273896072,-0.03230456373624553,5.0
0.041041041041041115,2.5160036308453093,1.2267832144961297,-0.2532296656958048,-0.2926790236480024,-0.23205695199077642,-0.13898982634944906,-0.03140744980404243,5.0
0.04304304304304307,2.513724734121183,1.2272592949313463,-0.25425405986191524,-0.29318255858276376,-0.2318210949702111,-0.13814533139060658,-0.030920114649129894,5.0
0.04504504504504503,2.5116137343555516,1.2276836786980407,-0.2547138286073887,-0.29321022716258294,-0.23143115232774192,-0.1376529644716259,-0.030845647806428213,5.0
0.047047047047046986,2.5096566108234963,1.2280623351082454,-0.25460970545486605,-0.2927672586001394,-0.23088725271335794,-0.13752145156680945,-0.031183061973683805,5.0
0.04904904904904894,2.507839267257782,1.2284000389115959,-0.25394928487832485,-0.29186296307145665,-0.230187879105714,-0.13775196386168634,-0.03192791469407043,5.0
0.05105105105105112,2.506147205080903,1.2287006902891129,-0.25274605852181464,-0.2905100160776518,-0.229330177985464,-0.1383386030428187,-0.033072949203198046,5.0
0.05305305305305308,2.5045654099381824,1.2289675367796562,-0.25101824189984995,-0.2887236140368336,-0.22831033093958492,-0.1392690281828084,-0.03460871640704406,5.0
0.055055055055055035,2.503078404664707,1.2292033097960013,-0.24878748772781087,-0.2865205518407581,-0.2271239381868458,-0.14052515398463897,-0.03652414442311745,5.0
0.05705705705705699,2.5016704157680874,1.229410291493846,-0.24607758032776003,-0.28391827405110354,-0.22576636490874472,-0.1420838530720459,-0.0388070261219292,5.0
0.05905905905905895,2.5003255994536366,1.2295903286038308,-0.24291319439227188,-0.28093394723843435,-0.22423300688166278,-0.143917601511109,-0.04144439786571974,5.0
0.06106106106106113,2.4990282745676233,1.2297448086925604,-0.23931878345667754,-0.2775835926573677,-0.2225194402766316,-0.14599501492405237,-0.04442278351884678,5.0
0.06306306306306309,2.497763110914294,1.2298746106240903,-0.2353176420019904,-0.2738813074710022,-0.2206214300574021,-0.1482812306411465,-0.04772827620657404,5.0
0.06506506506506504,2.496515219780675,1.2299800325666481,-0.23093116345289189,-0.26983859074505545,-0.21853478068054252,-0.15073809786676542,-0.051346425558247144,5.0
0.067067067067067,2.495270085867183,1.2300606834045014,-0.2261782970192509,-0.2654637787549321,-0.2162550203258916,-0.15332414164421743,-0.05526188946036223,5.0
0.06906906906906896,2.494013258217919,1.2301152903463066,-0.22107519053249003,-0.2607615831052541,-0.2137769139423089,-0.15599426640399852,-0.059457795654136225,5.0
0.07107107107107113,2.492729662783023,1.2301413177673215,-0.21563499353610466,-0.2557327135789087,-0.2110937987095581,-0.15869915968588363,-0.06391473860612647,5.0
0.07307307307307309,2.4914022713090054,1.230134194992908,-0.20986778281790466,-0.2503735530567506,-0.2081967253599764,-0.1613843441548083,-0.06860930927465497,5.0
0.07507507507507505,2.490009590996925,1.2300857830009746,-0.2037805587646378,-0.24467583149234534,-0.20507336758432704,-0.16398880321772139,-0.0735120169964498,5.0
0.077077077077077,2.4885209148811525,1.229981403957614,-0.19737724299388684,-0.238626217299889,-0.20170662746296106,-0.1664430680202103,-0.07858440921950692,5.0
0.07907907907907896,2.486887310588173,1.2297941739291818,-0.19065858198798705,-0.2322057037594522,-0.19807281495741014,-0.16866659470932033,-0.08377511918141266,5.0
0.08108108108108114,2.485024597678983,1.2294742605897917,-0.18362181873419767,-0.22538860499390273,-0.19413920724502678,-0.1705641693164223,-0.08901446390670131,5.0
0.0830830830830831,2.482781452644589,1.228928594471392,-0.1762599159962265,-0.21814086884042436,-0.18986068386736388,-0.17202093399880247,-0.09420706150860952,5.0
0.08508508508508505,2.4798801466320155,1.2279827736265594,-0.16855997456057434,-0.2104172293870692,-0.18517496213068083,-0.1728954025558155,-0.09922171959343636,5.0
0.08708708708708701,2.4758073807440515,1.2263102658560405,-0.1605002624680589,-0.2021564248637382,-0.1799956975752758,-0.1730094874746716,-0.10387754758326714,5.0
0.08908908908908897,2.4696157587560483,1.2233028375684165,-0.15204493636558233,-0.1932732696056671,-0.17420235095337183,-0.17213407165468111,-0.10792488340759546,5.0
0.09109109109109115,2.4595713328332436,1.2178387001662458,-0.14313506933557224,-0.18364578440965632,-0.16762528296712167,-0.16996810941354862,-0.1110193974653861,5.0
0.0930930930930931,2.4425567334375278,1.2078826567780179,-0.13367403405799164,-0.17309498790786074,-0.16002423942660207,-0.16610918616334489,-0.11268846980203952,5.0
0.09509509509509506,2.413153007847216,1.1898423668074298,-0.12350519026103225,-0.16135522848024714,-0.1510592402192874,-0.16001606773711646,-0.11229329037189775,5.0
0.09709709709709702,2.362511164985809,1.1576727732686678,-0.11238290737578913,-0.14803779717958207,-0.14025847032412106,-0.15097552815440216,-0.1090051756959132,5.0
0.0990990990990992,2.277798499019767,1.1020444414665387,-0.099952294109082,-0.13261067304926713,-0.1270079319827839,-0.13812106285005915,-0.10185413498560993,5.0
0.10110110110110115,2.144463786486681,1.0107538203957958,-0.08579285920127666,-0.11447147534010906,-0.11064011309156116,-0.12062575761748413,-0.08998022155408578,5.0
0.10310310310310311,1.954668722332118,0.8728281735070005,-0.0696464170069755,-0.09327766228404463,-0.09078382722159391,-0.09826833907149957,-0.07326031583488954,5.0
0.10510510510510507,1.7210155421736089,0.6884170111083011,-0.05194671264207348,-0.06968633651343077,-0.06812544156090256,-0.07242596957017103,-0.053242440883405295,5.0
0.10710710710710702,1.48207927875079,0.48014685489050973,-0.03442240723414215,-0.04616573087458611,-0.045228263308298156,-0.046781085288886894,-0.03352110849238601,5.0
0.1091091091091092,1.2836595511101014,0.29020643941995616,-0.019797699376977305,-0.026521350541046776,-0.02600949104390698,-0.026067719208766937,-0.018135950193796813,5.0
0.11111111111111116,1.149112438800578,0.15334113337163177,-0.009958028015420388,-0.01333404060800996,-0.013100830596721427,-0.012779580714876023,-0.008697978067910506,5.0
0.11311311311311312,1.0720917944850699,0.0734834351543327,-0.004559610167449215,-0.006113255758933493,-0.006028542325350335,-0.005784818657027255,-0.0039041421801255002,5.0
0.11511511511511507,1.0330413744676308,0.03329513689289768,-0.001990860474625911,-0.0026764250284193386,-0.0026522888771369816,-0.0025291173832914715,-0.0017091557383609526,5.0
0.11711711711711703,1.0146872737318957,0.01467556139692664,-0.0008543397931206392,-0.001152176546233832,-0.001147465585747996,-0.001094005542475898,-0.000742981153081487,5.0
0.11911911911911921,1.006420549525734,0.006383972354420413,-0.0003647514510162218,-0.0004932450134703124,-0.0004932393260717018,-0.0004713550498988119,-0.0003221683805459641,5.0
0.12112112112112117,1.0027804584783861,0.0027574523963625826,-0.00015510711261070562,-0.00020986096113629062,-0.00021015470607500277,-0.00019997828392238985,-0.00013638683476571944,5.0
0.12312312312312312,1.001196798262282,0.0011851603898628755,-6.534272121356662e-05,-8.793617331590403e-05,-8.762197797105645e-05,-8.065914511929713e-05,-5.255667823411937e-05,3.0
0.12512512512512508,1.000512627205818,0.0005071293388146707,-2.6934050633049894e-05,-3.569747985646321e-05,-3.501523062455277e-05,-3.008378555167581e-05,-1.8044435821229578e-05,0.0
0.12712712712712704,1.0002185356833868,0.00021603574297116856,-1.078905191366656e-05,-1.3957974170299294e-05,-1.3409025096097797e-05,-1.1001129552882572e-05,-6.769885208193663e-06,0.0
0.12912912912912922,1.0000927027727071,9.160233842949616e-05,-4.770231406992801e-06,-5.986418366624103e-06,-5.694712323461526e-06,-4.720973773809751e-06,-3.0730219587497134e-06,0.0
0.13113113113113117,1.000039114715829,3.859590654961965e-05,0.0,0.0,0.0,0.0,0.0,0.0
0.13313313313313313,1.0000164068114155,1.618325160656059e-05,0.0,0.0,0.0,0.0,0.0,0.0
0.1351351351351351,1.0000068399077078,6.74653645866534e-06,0.0,0.0,0.0,0.0,0.0,0.0
0.13713713713713704,1.0000028325250625,2.794045107987951e-06,0.0,0.0,0.0,0.0,0.0,0.0
0.13913913913913922,1.0000011643828484,1.1486702643162531e-06,0.0,0.0,0.0,0.0,0.0,0.0
0.14114114114114118,1.0000004747956035,4.6843630085528263e-07,0.0,0.0,0.0,0.0,0.0,0.0
0.14314314314314314,1.0000001919066586,1.8935685412132619e-07,0.0,0.0,0.0,0.0,0.0,0.0
0.1451451451451451,1.0000000768290425,7.581687485202518e-08,0.0,0.0,0.0,0.0,0.0,0.0
0.14714714714714705,1.0000000304433017,3.0045794465422876e-08,0.0,0.0,0.0,0.0,0.0,0.0
0.14914914914914923,1.0000000119308294,1.1776488027264744e-08,0.0,0.0,0.0,0.0,0.0,0.0
0.1511511511511512,1.0000000046211321,4.561925800391089e-09,0.0,0.0,0.0,0.0,0.0,0.0
0.15315315315315314,1.0000000017677348,1.7453111351821072e-09,0.0,0.0,0.0,0.0,0.0,0.0
0.1551551551551551,1.0000000006673841,6.590046583707481e-10,0.0,0.0,0.0,0.0,0.0,0.0
0.15715715715715706,1.0000000002485028,2.454152164334494e-10,0.0,0.0,0.0,0.0,0.0,0.0
0.15915915915915924,1.0000000000912006,9.007957396783298e-11,0.0,0.0,0.0,0.0,0.0,0.0
0.1611611611611612,1.0000000000329685,3.2567571543838286e-11,0.0,0.0,0.0,0.0,0.0,0.0
0.16316316316316315,1.000000000011732,1.1590671640878743e-11,0.0,0.0,0.0,0.0,0.0,0.0
0.1651651651651651,1.0000000000041072,4.058222610313785e-12,0.0,0.0,0.0,0.0,0.0,0.0
0.16716716716716706,1.0000000000014138,1.3970610034451718e-12,0.0,0.0,0.0,0.0,0.0,0.0
0.16916916916916924,1.000000000000478,4.726289323709479e-13,0.0,0.0,0.0,0.0,0.0,0.0
0.1711711711711712,1.0000000000001588,1.570478537323252e-13,0.0,0.0,0.0,0.0,0.0,0.0
0.17317317317317316,1.0000000000000517,5.120204527396077e-14,0.0,0.0,0.0,0.0,0.0,0.0
0.1751751751751751,1.0000000000000167,1.634396720649838e-14,0.0,0.0,0.0,0.0,0.0,0.0
0.17717717717717707,1.0000000000000053,5.108836702135339e-15,0.0,0.0,0.0,0.0,0.0,0.0
0.17917917917917925,1.0000000000000018,1.5917363982011993e-15,0.0,0.0,0.0,0.0,0.0,0.0
0.1811811811811812,1.0000000000000004,4.944596970238995e-16,0.0,0.0,0.0,0.0,0.0,0.0
0.18318318318318316,1.0,1.3044916854783463e-16,0.0,0.0,0.0,0.0,0.0,0.0
0.18518518518518512,1.0,2.3316053631305157e-17,0.0,0.0,0.0,0.0,0.0,0.0
0.18718718718718708,1.0,2.668795042243465e-18,0.0,0.0,0.0,0.0,0.0,0.0
0.18918918918918926,1.0,3.426922982991681e-19,0.0,0.0,0.0,0.0,0.0,0.0
0.1911911911911912,1.0,4.6916891033757786e-20,0.0,0.0,0.0,0.0,0.0,0.0
0.19319319319319317,1.0,6.316948849763737e-21,0.0,0.0,0.0,0.0,0.0,0.0
0.19519519519519513,1.0,8.046728422305535e-22,0.0,0.0,0.0,0.0,0.0,0.0
0.19719719719719708,1.0,1.0037274377088023e-22,0.0,0.0,0.0,0.0,0.0,0.0
0.19919919919919926,1.0,1.2615379107067623e-23,0.0,0.0,0.0,0.0,0.0,0.0
0.20120120120120122,1.0,1.5460862369692378e-24,0.0,0.0,0.0,0.0,0.0,0.0
0.20320320320320318,1.0,1.8314884209683208e-25,0.0,0.0,0.0,0.0,0.0,0.0
0.20520520520520513,1.0,2.1167017360305736e-26,0.0,0.0,0.0,0.0,0.0,0.0
0.2072072072072071,1.0,2.3974524428098606e-27,0.0,0.0,0.0,0.0,0.0,0.0
0.20920920920920927,1.0,2.6314282636135836e-28,0.0,0.0,0.0,0.0,0.0,0.0
0.21121121121121122,1.0,2.764635304129456e-29,0.0,0.0,0.0,0.0,0.0,0.0
0.21321321321321318,1.0,2.783036613255495e-30,0.0,0.0,0.0,0.0,0.0,0.0
0.21521521521521514,1.0,2.713067190471517e-31,0.0,0.0,0.0,0.0,0.0,0.0
0.21721721721721732,1.0,2.59137845437986e-32,0.0,0.0,0.0,0.0,0.0,0.0
0.21921921921921927,1.0,2.436905458575703e-33,0.0,0.0,0.0,0.0,0.0,0.0
0.22122122122122123,1.0,2.2507694824769353e-34,0.0,0.0,0.0,0.0,0.0,0.0
0.2232232232232232,1.0,2.0319882720763788e-35,0.0,0.0,0.0,0.0,0.0,0.0
0.22522522522522515,1.0,1.7856042160318257e-36,0.0,0.0,0.0,0.0,0.0,0.0
0.22722722722722732,1.0,1.5218547990248606e-37,0.0,0.0,0.0,0.0,0.0,0.0
0.22922922922922928,1.0,1.254151397318507e-38,0.0,0.0,0.0,0.0,0.0,0.0
0.23123123123123124,1.0,9.96750989826603e-40,0.0,0.0,0.0,0.0,0.0,0.0
0.2332332332332332,1.0,7.625179444555191e-41,0.0,0.0,0.0,0.0,0.0,0.0
0.23523523523523515,1.0,5.6098472453209344e-42,0.0,0.0,0.0,0.0,0.0,0.0
0.23723723723723733,1.0,3.9701560245182966e-43,0.0,0.0,0.0,0.0,0.0,0.0
0.2392392392392393,1.0,2.705466126557952e-44,0.0,0.0,0.0,0.0,0.0,0.0
0.24124124124124124,1.0,1.776055608856507e-45,0.0,0.0,0.0,0.0,0.0,0.0
0.2432432432432432,1.0,1.1214295916544345e-46,0.0,0.0,0.0,0.0,0.0,0.0
0.24524524524524516,1.0,6.77962832921671e-48,0.0,0.0,0.0,0.0,0.0,0.0
0.24724724724724734,1.0,3.8959077059885056e-49,0.0,0.0,0.0,0.0,0.0,0.0
0.2492492492492493,1.0,2.110407075127925e-50,0.0,0.0,0.0,0.0,0.0,0.0
0.25125125125125125,1.0,1.0698833546148264e-51,0.0,0.0,0.0,0.0,0.0,0.0
0.2532532532532532,1.0,5.053549020337811e-53,0.0,0.0,0.0,0.0,0.0,0.0
0.25525525525525516,1.0,2.2217264694407872e-54,0.0,0.0,0.0,0.0,0.0,0.0
0.25725725725725734,1.0,9.103856820171198e-56,0.0,0.0,0.0,0.0,0.0,0.0
0.2592592592592593,1.0,3.482262251311164e-57,0.0,0.0,0.0,0.0,0.0,0.0
0.26126126126126126,1.0,1.2417364573525605e-58,0.0,0.0,0.0,0.0,0.0,0.0
0.2632632632632632,1.0,4.101462738234662e-60,0.0,0.0,0.0,0.0,0.0,0.0
0.26526526526526517,1.0,1.2399966946055652e-61,0.0,0.0,0.0,0.0,0.0,0.0
0.26726726726726735,1.0,3.377769990643098e-63,0.0,0.0,0.0,0.0,0.0,0.0
0.2692692692692693,1.0,8.142748602319504e-65,0.0,0.0,0.0,0.0,0.0,0.0
0.27127127127127126,1.0,1.7027170984601186e-66,0.0,0.0,0.0,0.0,0.0,0.0
0.2732732732732732,1.0,3.018831792372542e-68,0.0,0.0,0.0,0.0,0.0,0.0
0.2752752752752752,1.0,4.4192232219409763e-70,0.0,0.0,0.0,0.0,0.0,0.0
0.27727727727727736,1.0,5.152079297988385e-72,0.0,0.0,0.0,0.0,0.0,0.0
0.2792792792792793,1.0,4.490109339554405e-74,0.0,0.0,0.0,0.0,0.0,0.0
0.28128128128128127,1.0,2.513346392042703e-76,0.0,0.0,0.0,0.0,0.0,0.0
0.2832832832832832,1.0,6.292822315321026e-79,0.0,0.0,0.0,0.0,0.0,0.0
0.2852852852852852,1.0,0.0,0.0,0.0,0.0,0.0,0.0,0.0
0.28728728728728736,1.0,0.0,0.0,0.0,0.0,0.0,0.0,0.0
0.2892892892892893,1.0,0.0,0.0,0.0,0.0,0.0,0.0,0.0
0.2912912912912913,1.0,0.0,0.0,0.0,0.0,0.0,0.0,0.0
0.29329329329329323,1.0,0.0,0.0,0.0,0.0,0.0,0.0,0.0
0.2952952952952952,1.0,0.0,0.0,0.0,0.0,0.0,0.0,0.0
0.29729729729729737,1.0,0.0,0.0,0.0,0.0,0.0,0.0,0.0
0.2992992992992993,1.0,0.0,0.0,0.0,0.0,0.0,0.0,0.0
0.3013013013013013,1.0,0.0,0.0,0.0,0.0,0.0,0.0,0.0
0.30330330330330324,1.0,0.0,0.0,0.0,0.0,0.0,0.0,0.0
0.3053053053053052,1.0,0.0,0.0,0.0,0.0,0.0,0.0,0.0
0.3073073073073074,1.0,0.0,0.0,0.0,0.0,0.0,0.0,0.0
0.30930930930930933,1.0,0.0,0.0,0.0,0.0,0.0,0.0,0.0
0.3113113113113113,1.0,0.0,0.0,0.0,0.0,0.0,0.0,0.0
0.31331331331331325,1.0,0.0,0.0,0.0,0.0,0.0,0.0,0.0
0.3153153153153152,1.0,0.0,0.0,0.0,0.0,0.0,0.0,0.0
0.3173173173173174,1.0,0.0,0.0,0.0,0.0,0.0,0.0,0.0
0.31931931931931934,1.0,0.0,0.0,0.0,0.0,0.0,0.0,0.0
0.3213213213213213,1.0,0.0,0.0,0.0,0.0,0.0,0.0,0.0
0.32332332332332325,1.0,0.0,0.0,0.0,0.0,0.0,0.0,0.0
0.3253253253253252,1.0,0.0,0.0,0.0,0.0,0.0,0.0,0.0
0.3273273273273274,1.0,0.0,0.0,0.0,0.0,0.0,0.0,0.0
0.32932932932932935,1.0,0.0,0.0,0.0,0.0,0.0,0.0,0.0
0.3313313313313313,1.0,0.0,0.0,0.0,0.0,0.0,0.0,0.0
0.33333333333333326,1.0,0.0,0.0,0.0,0.0,0.0,0.0,0.0
0.3353353353353352,1.0,0.0,0.0,0.0,0.0,0.0,0.0,0.0
0.3373373373373374,1.0,0.0,0.0,0.0,0.0,0.0,0.0,0.0
0.33933933933933935,1.0,0.0,0.0,0.0,0.0,0.0,0.0,0.0
0.3413413413413413,1.0,0.0,0.0,0.0,0.0,0.0,0.0,0.0
0.34334334334334327,1.0,0.0,0.0,0.0,0.0,0.0,0.0,0.0
0.3453453453453452,1.0,0.0,0.0,0.0,0.0,0.0,0.0,0.0
0.3473473473473474,1.0,0.0,0.0,0.0,0.0,0.0,0.0,0.0
0.34934934934934936,1.0,0.0,0.0,0.0,0.0,0.0,0.0,0.0
0.3513513513513513,1.0,0.0,0.0,0.0,0.0,0.0,0.0,0.0
0.35335335335335327,1.0,0.0,0.0,0.0,0.0,0.0,0.0,0.0
0.35535535535535545,1.0,0.0,0.0,0.0,0.0,0.0,0.0,0.0
0.3573573573573574,1.0,0.0,0.0,0.0,0.0,0.0,0.0,0.0
0.35935935935935936,1.0,0.0,0.0,0.0,0.0,0.0,0.0,0.0
0.3613613613613613,1.0,0.0,0.0,0.0,0.0,0.0,0.0,0.0
0.3633633633633633,1.0,0.0,0.0,0.0,0.0,0.0,0.0,0.0
0.36536536536536546,1.0,0.0,0.0,0.0,0.0,0.0,0.0,0.0
0.3673673673673674,1.0,0.0,0.0,0.0,0.0,0.0,0.0,0.0
0.36936936936936937,1.0,0.0,0.0,0.0,0.0,0.0,0.0,0.0
0.37137137137137133,1.0,0.0,0.0,0.0,0.0,0.0,0.0,0.0
0.3733733733733733,1.0,0.0,0.0,0.0,0.0,0.0,0.0,0.0
0.37537537537537546,1.0,0.0,0.0,0.0,0.0,0.0,0.0,0.0
0.3773773773773774,1.0,0.0,0.0,0.0,0.0,0.0,0.0,0.0
0.3793793793793794,1.0,0.0,0.0,0.0,0.0,0.0,0.0,0.0
0.38138138138138133,1.0,0.0,0.0,0.0,0.0,0.0,0.0,0.0
0.3833833833833833,1.0,0.0,0.0,0.0,0.0,0.0,0.0,0.0
0.38538538538538547,1.0,0.0,0.0,0.0,0.0,0.0,0.0,0.0
0.3873873873873874,1.0,0.0,0.0,0.0,0.0,0.0,0.0,0.0
0.3893893893893894,1.0,0.0,0.0,0.0,0.0,0.0,0.0,0.0
0.39139139139139134,1.0,0.0,0.0,0.0,0.0,0.0,0.0,0.0
0.3933933933933933,1.0,0.0,0.0,0.0,0.0,0.0,0.0,0.0
0.3953953953953955,1.0,0.0,0.0,0.0,0.0,0.0,0.0,0.0
0.39739739739739743,1.0,0.0,0.0,0.0,0.0,0.0,0.0,0.0
0.3993993993993994,1.0,0.0,0.0,0.0,0.0,0.0,0.0,0.0
0.40140140140140135,1.0,0.0,0.0,0.0,0.0,0.0,0.0,0.0
0.4034034034034033,1.0,0.0,0.0,0.0,0.0,0.0,0.0,0.0
0.4054054054054055,1.0,0.0,0.0,0.0,0.0,0.0,0.0,0.0
0.40740740740740744,1.0,0.0,0.0,0.0,0.0,0.0,0.0,0.0
0.4094094094094094,1.0,0.0,0.0,0.0,0.0,0.0,0.0,0.0
0.41141141141141135,1.0,0.0,0.0,0.0,0.0,0.0,0.0,0.0
0.4134134134134133,1.0,0.0,0.0,0.0,0.0,0.0,0.0,0.0
0.4154154154154155,1.0,0.0,0.0,0.0,0.0,0.0,0.0,0.0
0.41741741741741745,1.0,0.0,0.0,0.0,0.0,0.0,0.0,0.0
0.4194194194194194,1.0,0.0,0.0,0.0,0.0,0.0,0.0,0.0
0.42142142142142136,1.0,0.0,0.0,0.0,0.0,0.0,0.0,0.0
0.4234234234234233,1.0,0.0,0.0,0.0,0.0,0.0,0.0,0.0
0.4254254254254255,1.0,0.0,0.0,0.0,0.0,0.0,0.0,0.0
0.42742742742742745,1.0,0.0,0.0,0.0,0.0,0.0,0.0,0.0
0.4294294294294294,1.0,0.0,0.0,0.0,0.0,0.0,0.0,0.0
0.43143143143143137,1.0,0.0,0.0,0.0,0.0,0.0,0.0,0.0
0.4334334334334333,1.0,0.0,0.0,0.0,0.0,0.0,0.0,0.0
0.4354354354354355,1.0,0.0,0.0,0.0,0.0,0.0,0.0,0.0
0.43743743743743746,1.0,0.0,0.0,0.0,0.0,0.0,0.0,0.0
0.4394394394394394,1.0,0.0,0.0,0.0,0.0,0.0,0.0,0.0
0.4414414414414414,1.0,0.0,0.0,0.0,0.0,0.0,0.0,0.0
0.44344344344344333,1.0,0.0,0.0,0.0,0.0,0.0,0.0,0.0
0.4454454454454455,1.0,0.0,0.0,0.0,0.0,0.0,0.0,0.0
0.44744744744744747,1.0,0.0,0.0,0.0,0.0,0.0,0.0,0.0
0.4494494494494494,1.0,0.0,0.0,0.0,0.0,0.0,0.0,0.0
0.4514514514514514,1.0,0.0,0.0,0.0,0.0,0.0,0.0,0.0
0.45345345345345334,1.0,0.0,0.0,0.0,0.0,0.0,0.0,0.0
0.4554554554554555,1.0,0.0,0.0,0.0,0.0,0.0,0.0,0.0
0.4574574574574575,1.0,0.0,0.0,0.0,0.0,0.0,0.0,0.0
0.45945945945945943,1.0,0.0,0.0,0.0,0.0,0.0,0.0,0.0
0.4614614614614614,1.0,0.0,0.0,0.0,0.0,0.0,0.0,0.0
0.46346346346346334,1.0,0.0,0.0,0.0,0.0,0.0,0.0,0.0
0.4654654654654655,1.0,0.0,0.0,0.0,0.0,0.0,0.0,0.0
0.4674674674674675,1.0,0.0,0.0,0.0,0.0,0.0,0.0,0.0
0.46946946946946944,1.0,0.0,0.0,0.0,0.0,0.0,0.0,0.0
0.4714714714714714,1.0,0.0,0.0,0.0,0.0,0.0,0.0,0.0
0.47347347347347357,1.0,0.0,0.0,0.0,0.0,0.0,0.0,0.0
0.47547547547547553,1.0,0.0,0.0,0.0,0.0,0.0,0.0,0.0
0.4774774774774775,1.0,0.0,0.0,0.0,0.0,0.0,0.0,0.0
0.47947947947947944,1.0,0.0,0.0,0.0,0.0,0.0,0.0,0.0
0.4814814814814814,1.0,0.0,0.0,0.0,0.0,0.0,0.0,0.0
0.4834834834834836,1.0,0.0,0.0,0.0,0.0,0.0,0.0,0.0
0.48548548548548554,1.0,0.0,0.0,0.0,0.0,0.0,0.0,0.0
0.4874874874874875,1.0,0.0,0.0,0.0,0.0,0.0,0.0,0.0
0.48948948948948945,1.0,0.0,0.0,0.0,0.0,0.0,0.0,0.0
0.4914914914914914,1.0,0.0,0.0,0.0,0.0,0.0,0.0,0.0
0.4934934934934936,1.0,0.0,0.0,0.0,0.0,0.0,0.0,0.0
0.49549549549549554,1.0,0.0,0.0,0.0,0.0,0.0,0.0,0.0
0.4974974974974975,1.0,0.0,0.0,0.0,0.0,0.0,0.0,0.0
0.49949949949949946,1.0,0.0,0.0,0.0,0.0,0.0,0.0,0.0
0.5015015015015014,1.0,0.0,0.0,0.0,0.0,0.0,0.0,0.0
0.5035035035035036,1.0,0.0,0.0,0.0,0.0,0.0,0.0,0.0
0.5055055055055055,1.0,0.0,0.0,0.0,0.0,0.0,0.0,0.0
0.5075075075075075,1.0,0.0,0.0,0.0,0.0,0.0,0.0,0.0
0.5095095095095095,1.0,0.0,0.0,0.0,0.0,0.0,0.0,0.0
0.5115115115115114,1.0,0.0,0.0,0.0,0.0,0.0,0.0,0.0
0.5135135135135136,1.0,0.0,0.0,0.0,0.0,0.0,0.0,0.0
0.5155155155155156,1.0,0.0,0.0,0.0,0.0,0.0,0.0,0.0
0.5175175175175175,1.0,0.0,0.0,0.0,0.0,0.0,0.0,0.0
0.5195195195195195,1.0,0.0,0.0,0.0,0.0,0.0,0.0,0.0
0.5215215215215214,1.0,0.0,0.0,0.0,0.0,0.0,0.0,0.0
0.5235235235235236,1.0,0.0,0.0,0.0,0.0,0.0,0.0,0.0
0.5255255255255256,1.0,0.0,0.0,0.0,0.0,0.0,0.0,0.0
0.5275275275275275,1.0,0.0,0.0,0.0,0.0,0.0,0.0,0.0
0.5295295295295295,1.0,0.0,0.0,0.0,0.0,0.0,0.0,0.0
0.5315315315315314,1.0,0.0,0.0,0.0,0.0,0.0,0.0,0.0
0.5335335335335336,1.0,0.0,0.0,0.0,0.0,0.0,0.0,0.0
0.5355355355355356,1.0,0.0,0.0,0.0,0.0,0.0,0.0,0.0
0.5375375375375375,1.0,0.0,0.0,0.0,0.0,0.0,0.0,0.0
0.5395395395395395,1.0,0.0,0.0,0.0,0.0,0.0,0.0,0.0
0.5415415415415414,1.0,0.0,0.0,0.0,0.0,0.0,0.0,0.0
0.5435435435435436,1.0,0.0,0.0,0.0,0.0,0.0,0.0,0.0
0.5455455455455456,1.0,0.0,0.0,0.0,0.0,0.0,0.0,0.0
0.5475475475475475,1.0,0.0,0.0,0.0,0.0,0.0,0.0,0.0
0.5495495495495495,1.0,0.0,0.0,0.0,0.0,0.0,0.0,0.0
0.5515515515515514,1.0,0.0,0.0,0.0,0.0,0.0,0.0,0.0
0.5535535535535536,1.0,0.0,0.0,0.0,0.0,0.0,0.0,0.0
0.5555555555555556,1.0,0.0,0.0,0.0,0.0,0.0,0.0,0.0
0.5575575575575575,1.0,0.0,0.0,0.0,0.0,0.0,0.0,0.0
0.5595595595595595,1.0,0.0,0.0,0.0,0.0,0.0,0.0,0.0
0.5615615615615615,1.0,0.0,0.0,0.0,0.0,0.0,0.0,0.0
0.5635635635635636,1.0,0.0,0.0,0.0,0.0,0.0,0.0,0.0
0.5655655655655656,1.0,0.0,0.0,0.0,0.0,0.0,0.0,0.0
0.5675675675675675,1.0,0.0,0.0,0.0,0.0,0.0,0.0,0.0
0.5695695695695695,1.0,0.0,0.0,0.0,0.0,0.0,0.0,0.0
0.5715715715715715,1.0,0.0,0.0,0.0,0.0,0.0,0.0,0.0
0.5735735735735736,1.0,0.0,0.0,0.0,0.0,0.0,0.0,0.0
0.5755755755755756,1.0,0.0,0.0,0.0,0.0,0.0,0.0,0.0
0.5775775775775776,1.0,0.0,0.0,0.0,0.0,0.0,0.0,0.0
0.5795795795795795,1.0,0.0,0.0,0.0,0.0,0.0,0.0,0.0
0.5815815815815815,1.0,0.0,0.0,0.0,0.0,0.0,0.0,0.0
0.5835835835835836,1.0,0.0,0.0,0.0,0.0,0.0,0.0,0.0
0.5855855855855856,1.0,0.0,0.0,0.0,0.0,0.0,0.0,0.0
0.5875875875875876,1.0,0.0,0.0,0.0,0.0,0.0,0.0,0.0
0.5895895895895895,1.0,0.0,0.0,0.0,0.0,0.0,0.0,0.0
0.5915915915915915,1.0,0.0,0.0,0.0,0.0,0.0,0.0,0.0
0.5935935935935936,1.0,0.0,0.0,0.0,0.0,0.0,0.0,0.0
0.5955955955955956,1.0,0.0,0.0,0.0,0.0,0.0,0.0,0.0
0.5975975975975976,1.0,0.0,0.0,0.0,0.0,0.0,0.0,0.0
0.5995995995995995,1.0,0.0,0.0,0.0,0.0,0.0,0.0,0.0
0.6016016016016015,1.0,0.0,0.0,0.0,0.0,0.0,0.0,0.0
0.6036036036036037,1.0,0.0,0.0,0.0,0.0,0.0,0.0,0.0
0.6056056056056056,1.0,0.0,0.0,0.0,0.0,0.0,0.0,0.0
0.6076076076076076,1.0,0.0,0.0,0.0,0.0,0.0,0.0,0.0
0.6096096096096095,1.0,0.0,0.0,0.0,0.0,0.0,0.0,0.0
0.6116116116116117,1.0,0.0,0.0,0.0,0.0,0.0,0.0,0.0
0.6136136136136137,1.0,0.0,0.0,0.0,0.0,0.0,0.0,0.0
0.6156156156156156,1.0,0.0,0.0,0.0,0.0,0.0,0.0,0.0
0.6176176176176176,1.0,0.0,0.0,0.0,0.0,0.0,0.0,0.0
0.6196196196196195,1.0,0.0,0.0,0.0,0.0,0.0,0.0,0.0
0.6216216216216217,1.0,0.0,0.0,0.0,0.0,0.0,0.0,0.0
0.6236236236236237,1.0,0.0,0.0,0.0,0.0,0.0,0.0,0.0
0.6256256256256256,1.0,0.0,0.0,0.0,0.0,0.0,0.0,0.0
0.6276276276276276,1.0,0.0,0.0,0.0,0.0,0.0,0.0,0.0
0.6296296296296295,1.0,0.0,0.0,0.0,0.0,0.0,0.0,0.0
0.6316316316316317,1.0,0.0,0.0,0.0,0.0,0.0,0.0,0.0
0.6336336336336337,1.0,0.0,0.0,0.0,0.0,0.0,0.0,0.0
0.6356356356356356,1.0,0.0,0.0,0.0,0.0,0.0,0.0,0.0
0.6376376376376376,1.0,0.0,0.0,0.0,0.0,0.0,0.0,0.0
0.6396396396396395,1.0,0.0,0.0,0.0,0.0,0.0,0.0,0.0
0.6416416416416417,1.0,0.0,0.0,0.0,0.0,0.0,0.0,0.0
0.6436436436436437,1.0,0.0,0.0,0.0,0.0,0.0,0.0,0.0
0.6456456456456456,1.0,0.0,0.0,0.0,0.0,0.0,0.0,0.0
0.6476476476476476,1.0,0.0,0.0,0.0,0.0,0.0,0.0,0.0
0.6496496496496496,1.0,0.0,0.0,0.0,0.0,0.0,0.0,0.0
0.6516516516516517,1.0,0.0,0.0,0.0,0.0,0.0,0.0,0.0
0.6536536536536537,1.0,0.0,0.0,0.0,0.0,0.0,0.0,0.0
0.6556556556556556,1.0,0.0,0.0,0.0,0.0,0.0,0.0,0.0
0.6576576576576576,1.0,0.0,0.0,0.0,0.0,0.0,0.0,0.0
0.6596596596596596,1.0,0.0,0.0,0.0,0.0,0.0,0.0,0.0
0.6616616616616617,1.0,0.0,0.0,0.0,0.0,0.0,0.0,0.0
0.6636636636636637,1.0,0.0,0.0,0.0,0.0,0.0,0.0,0.0
0.6656656656656657,1.0,0.0,0.0,0.0,0.0,0.0,0.0,0.0
0.6676676676676676,1.0,0.0,0.0,0.0,0.0,0.0,0.0,0.0
0.6696696696696696,1.0,0.0,0.0,0.0,0.0,0.0,0.0,0.0
0.6716716716716717,1.0,0.0,0.0,0.0,0.0,0.0,0.0,0.0
0.6736736736736737,1.0,0.0,0.0,0.0,0.0,0.0,0.0,0.0
0.6756756756756757,1.0,0.0,0.0,0.0,0.0,0.0,0.0,0.0
0.6776776776776776,1.0,0.0,0.0,0.0,0.0,0.0,0.0,0.0
0.6796796796796796,1.0,0.0,0.0,0.0,0.0,0.0,0.0,0.0
0.6816816816816818,1.0,0.0,0.0,0.0,0.0,0.0,0.0,0.0
0.6836836836836837,1.0,0.0,0.0,0.0,0.0,0.0,0.0,0.0
0.6856856856856857,1.0,0.0,0.0,0.0,0.0,0.0,0.0,0.0
0.6876876876876876,1.0,0.0,0.0,0.0,0.0,0.0,0.0,0.0
0.6896896896896896,1.0,0.0,0.0,0.0,0.0,0.0,0.0,0.0
0.6916916916916918,1.0,0.0,0.0,0.0,0.0,0.0,0.0,0.0
0.6936936936936937,1.0,0.0,0.0,0.0,0.0,0.0,0.0,0.0
0.6956956956956957,1.0,0.0,0.0,0.0,0.0,0.0,0.0,0.0
0.6976976976976976,1.0,0.0,0.0,0.0,0.0,0.0,0.0,0.0
0.6996996996996996,1.0,0.0,0.0,0.0,0.0,0.0,0.0,0.0
0.7017017017017018,1.0,0.0,0.0,0.0,0.0,0.0,0.0,0.0
0.7037037037037037,1.0,0.0,0.0,0.0,0.0,0.0,0.0,0.0
0.7057057057057057,1.0,0.0,0.0,0.0,0.0,0.0,0.0,0.0
0.7077077077077076,1.0,0.0,0.0,0.0,0.0,0.0,0.0,0.0
0.7097097097097096,1.0,0.0,0.0,0.0,0.0,0.0,0.0,0.0
0.7117117117117118,1.0,0.0,0.0,0.0,0.0,0.0,0.0,0.0
0.7137137137137137,1.0,0.0,0.0,0.0,0.0,0.0,0.0,0.0
0.7157157157157157,1.0,0.0,0.0,0.0,0.0,0.0,0.0,0.0
0.7177177177177176,1.0,0.0,0.0,0.0,0.0,0.0,0.0,0.0
0.7197197197197196,1.0,0.0,0.0,0.0,0.0,0.0,0.0,0.0
0.7217217217217218,1.0,0.0,0.0,0.0,0.0,0.0,0.0,0.0
0.7237237237237237,1.0,0.0,0.0,0.0,0.0,0.0,0.0,0.0
0.7257257257257257,1.0,0.0,0.0,0.0,0.0,0.0,0.0,0.0
0.7277277277277276,1.0,0.0,0.0,0.0,0.0,0.0,0.0,0.0
0.7297297297297298,1.0,0.0,0.0,0.0,0.0,0.0,0.0,0.0
0.7317317317317318,1.0,0.0,0.0,0.0,0.0,0.0,0.0,0.0
0.7337337337337337,1.0,0.0,0.0,0.0,0.0,0.0,0.0,0.0
0.7357357357357357,1.0,0.0,0.0,0.0,0.0,0.0,0.0,0.0
0.7377377377377377,1.0,0.0,0.0,0.0,0.0,0.0,0.0,0.0
0.7397397397397398,1.0,0.0,0.0,0.0,0.0,0.0,0.0,0.0
0.7417417417417418,1.0,0.0,0.0,0.0,0.0,0.0,0.0,0.0
0.7437437437437437,1.0,0.0,0.0,0.0,0.0,0.0,0.0,0.0
0.7457457457457457,1.0,0.0,0.0,0.0,0.0,0.0,0.0,0.0
0.7477477477477477,1.0,0.0,0.0,0.0,0.0,0.0,0.0,0.0
0.7497497497497498,1.0,0.0,0.0,0.0,0.0,0.0,0.0,0.0
0.7517517517517518,1.0,0.0,0.0,0.0,0.0,0.0,0.0,0.0
0.7537537537537538,1.0,0.0,0.0,0.0,0.0,0.0,0.0,0.0
0.7557557557557557,1.0,0.0,0.0,0.0,0.0,0.0,0.0,0.0
0.7577577577577577,1.0,0.0,0.0,0.0,0.0,0.0,0.0,0.0
0.7597597597597598,1.0,0.0,0.0,0.0,0.0,0.0,0.0,0.0
0.7617617617617618,1.0,0.0,0.0,0.0,0.0,0.0,0.0,0.0
0.7637637637637638,1.0,0.0,0.0,0.0,0.0,0.0,0.0,0.0
0.7657657657657657,1.0,0.0,0.0,0.0,0.0,0.0,0.0,0.0
0.7677677677677677,1.0,0.0,0.0,0.0,0.0,0.0,0.0,0.0
0.7697697697697699,1.0,0.0,0.0,0.0,0.0,0.0,0.0,0.0
0.7717717717717718,1.0,0.0,0.0,0.0,0.0,0.0,0.0,0.0
0.7737737737737738,1.0,0.0,0.0,0.0,0.0,0.0,0.0,0.0
0.7757757757757757,1.0,0.0,0.0,0.0,0.0,0.0,0.0,0.0
0.7777777777777777,1.0,0.0,0.0,0.0,0.0,0.0,0.0,0.0
0.7797797797797799,1.0,0.0,0.0,0.0,0.0,0.0,0.0,0.0
0.7817817817817818,1.0,0.0,0.0,0.0,0.0,0.0,0.0,0.0
0.7837837837837838,1.0,0.0,0.0,0.0,0.0,0.0,0.0,0.0
0.7857857857857857,1.0,0.0,0.0,0.0,0.0,0.0,0.0,0.0
0.7877877877877877,1.0,0.0,0.0,0.0,0.0,0.0,0.0,0.0
0.7897897897897899,1.0,0.0,0.0,0.0,0.0,0.0,0.0,0.0
0.7917917917917918,1.0,0.0,0.0,0.0,0.0,0.0,0.0,0.0
0.7937937937937938,1.0,0.0,0.0,0.0,0.0,0.0,0.0,0.0
0.7957957957957957,1.0,0.0,0.0,0.0,0.0,0.0,0.0,0.0
0.7977977977977977,1.0,0.0,0.0,0.0,0.0,0.0,0.0,0.0
0.7997997997997999,1.0,0.0,0.0,0.0,0.0,0.0,0.0,0.0
0.8018018018018018,1.0,0.0,0.0,0.0,0.0,0.0,0.0,0.0
0.8038038038038038,1.0,0.0,0.0,0.0,0.0,0.0,0.0,0.0
0.8058058058058057,1.0,0.0,0.0,0.0,0.0,0.0,0.0,0.0
0.8078078078078077,1.0,0.0,0.0,0.0,0.0,0.0,0.0,0.0
0.8098098098098099,1.0,0.0,0.0,0.0,0.0,0.0,0.0,0.0
0.8118118118118118,1.0,0.0,0.0,0.0,0.0,0.0,0.0,0.0
0.8138138138138138,1.0,0.0,0.0,0.0,0.0,0.0,0.0,0.0
0.8158158158158157,1.0,0.0,0.0,0.0,0.0,0.0,0.0,0.0
0.8178178178178177,1.0,0.0,0.0,0.0,0.0,0.0,0.0,0.0
0.8198198198198199,1.0,0.0,0.0,0.0,0.0,0.0,0.0,0.0
0.8218218218218218,1.0,0.0,0.0,0.0,0.0,0.0,0.0,0.0
0.8238238238238238,1.0,0.0,0.0,0.0,0.0,0.0,0.0,0.0
0.8258258258258258,1.0,0.0,0.0,0.0,0.0,0.0,0.0,0.0
0.8278278278278277,1.0,0.0,0.0,0.0,0.0,0.0,0.0,0.0
0.8298298298298299,1.0,0.0,0.0,0.0,0.0,0.0,0.0,0.0
0.8318318318318318,1.0,0.0,0.0,0.0,0.0,0.0,0.0,0.0
0.8338338338338338,1.0,0.0,0.0,0.0,0.0,0.0,0.0,0.0
0.8358358358358358,1.0,0.0,0.0,0.0,0.0,0.0,0.0,0.0
0.8378378378378377,1.0,0.0,0.0,0.0,0.0,0.0,0.0,0.0
0.8398398398398399,1.0,0.0,0.0,0.0,0.0,0.0,0.0,0.0
0.8418418418418419,1.0,0.0,0.0,0.0,0.0,0.0,0.0,0.0
0.8438438438438438,1.0,0.0,0.0,0.0,0.0,0.0,0.0,0.0
0.8458458458458458,1.0,0.0,0.0,0.0,0.0,0.0,0.0,0.0
0.8478478478478477,1.0,0.0,0.0,0.0,0.0,0.0,0.0,0.0
0.8498498498498499,1.0,0.0,0.0,0.0,0.0,0.0,0.0,0.0
0.8518518518518519,1.0,0.0,0.0,0.0,0.0,0.0,0.0,0.0
0.8538538538538538,1.0,0.0,0.0,0.0,0.0,0.0,0.0,0.0
0.8558558558558558,1.0,0.0,0.0,0.0,0.0,0.0,0.0,0.0
0.8578578578578577,1.0,0.0,0.0,0.0,0.0,0.0,0.0,0.0
0.8598598598598599,1.0,0.0,0.0,0.0,0.0,0.0,0.0,0.0
0.8618618618618619,1.0,0.0,0.0,0.0,0.0,0.0,0.0,0.0
0.8638638638638638,1.0,0.0,0.0,0.0,0.0,0.0,0.0,0.0
0.8658658658658658,1.0,0.0,0.0,0.0,0.0,0.0,0.0,0.0
0.867867867867868,1.0,0.0,0.0,0.0,0.0,0.0,0.0,0.0
0.8698698698698699,1.0,0.0,0.0,0.0,0.0,0.0,0.0,0.0
0.8718718718718719,1.0,0.0,0.0,0.0,0.0,0.0,0.0,0.0
0.8738738738738738,1.0,0.0,0.0,0.0,0.0,0.0,0.0,0.0
0.8758758758758758,1.0,0.0,0.0,0.0,0.0,0.0,0.0,0.0
0.877877877877878,1.0,0.0,0.0,0.0,0.0,0.0,0.0,0.0
0.8798798798798799,1.0,0.0,0.0,0.0,0.0,0.0,0.0,0.0
0.8818818818818819,1.0,0.0,0.0,0.0,0.0,0.0,0.0,0.0
0.8838838838838838,1.0,0.0,0.0,0.0,0.0,0.0,0.0,0.0
0.8858858858858858,1.0,0.0,0.0,0.0,0.0,0.0,0.0,0.0
0.887887887887888,1.0,0.0,0.0,0.0,0.0,0.0,0.0,0.0
0.8898898898898899,1.0,0.0,0.0,0.0,0.0,0.0,0.0,0.0
0.8918918918918919,1.0,0.0,0.0,0.0,0.0,0.0,0.0,0.0
0.8938938938938938,1.0,0.0,0.0,0.0,0.0,0.0,0.0,0.0
0.8958958958958958,1.0,0.0,0.0,0.0,0.0,0.0,0.0,0.0
0.897897897897898,1.0,0.0,0.0,0.0,0.0,0.0,0.0,0.0
0.8998998998998999,1.0,0.0,0.0,0.0,0.0,0.0,0.0,0.0
0.9019019019019019,1.0,0.0,0.0,0.0,0.0,0.0,0.0,0.0
0.9039039039039038,1.0,0.0,0.0,0.0,0.0,0.0,0.0,0.0
0.9059059059059058,1.0,0.0,0.0,0.0,0.0,0.0,0.0,0.0
0.907907907907908,1.0,0.0,0.0,0.0,0.0,0.0,0.0,0.0
0.9099099099099099,1.0,0.0,0.0,0.0,0.0,0.0,0.0,0.0
0.9119119119119119,1.0,0.0,0.0,0.0,0.0,0.0,0.0,0.0
0.9139139139139139,1.0,0.0,0.0,0.0,0.0,0.0,0.0,0.0
0.9159159159159158,1.0,0.0,0.0,0.0,0.0,0.0,0.0,0.0
0.917917917917918,1.0,0.0,0.0,0.0,0.0,0.0,0.0,0.0
0.91991991991992,1.0,0.0,0.0,0.0,0.0,0.0,0.0,0.0
0.9219219219219219,1.0,0.0,0.0,0.0,0.0,0.0,0.0,0.0
0.9239239239239239,1.0,0.0,0.0,0.0,0.0,0.0,0.0,0.0
0.9259259259259258,1.0,0.0,0.0,0.0,0.0,0.0,0.0,0.0
0.927927927927928,1.0,0.0,0.0,0.0,0.0,0.0,0.0,0.0
0.92992992992993,1.0,0.0,0.0,0.0,0.0,0.0,0.0,0.0
0.9319319319319319,1.0,0.0,0.0,0.0,0.0,0.0,0.0,0.0
0.9339339339339339,1.0,0.0,0.0,0.0,0.0,0.0,0.0,0.0
0.9359359359359358,1.0,0.0,0.0,0.0,0.0,0.0,0.0,0.0
0.937937937937938,1.0,0.0,0.0,0.0,0.0,0.0,0.0,0.0
0.93993993993994,1.0,0.0,0.0,0.0,0.0,0.0,0.0,0.0
0.9419419419419419,1.0,0.0,0.0,0.0,0.0,0.0,0.0,0.0
0.9439439439439439,1.0,0.0,0.0,0.0,0.0,0.0,0.0,0.0
0.9459459459459458,1.0,0.0,0.0,0.0,0.0,0.0,0.0,0.0
0.947947947947948,1.0,0.0,0.0,0.0,0.0,0.0,0.0,0.0
0.94994994994995,1.0,0.0,0.0,0.0,0.0,0.0,0.0,0.0
0.9519519519519519,1.0,0.0,0.0,0.0,0.0,0.0,0.0,0.0
0.9539539539539539,1.0,0.0,0.0,0.0,0.0,0.0,0.0,0.0
0.9559559559559558,1.0,0.0,0.0,0.0,0.0,0.0,0.0,0.0
0.957957957957958,1.0,0.0,0.0,0.0,0.0,0.0,0.0,0.0
0.95995995995996,1.0,0.0,0.0,0.0,0.0,0.0,0.0,0.0
0.9619619619619619,1.0,0.0,0.0,0.0,0.0,0.0,0.0,0.0
0.9639639639639639,1.0,0.0,0.0,0.0,0.0,0.0,0.0,0.0
0.9659659659659658,1.0,0.0,0.0,0.0,0.0,0.0,0.0,0.0
0.967967967967968,1.0,0.0,0.0,0.0,0.0,0.0,0.0,0.0
0.96996996996997,1.0,0.0,0.0,0.0,0.0,0.0,0.0,0.0
0.9719719719719719,1.0,0.0,0.0,0.0,0.0,0.0,0.0,0.0
0.9739739739739739,1.0,0.0,0.0,0.0,0.0,0.0,0.0,0.0
0.9759759759759759,1.0,0.0,0.0,0.0,0.0,0.0,0.0,0.0
0.977977977977978,1.0,0.0,0.0,0.0,0.0,0.0,0.0,0.0
0.97997997997998,1.0,0.0,0.0,0.0,0.0,0.0,0.0,0.0
0.9819819819819819,1.0,0.0,0.0,0.0,0.0,0.0,0.0,0.0
0.9839839839839839,1.0,0.0,0.0,0.0,0.0,0.0,0.0,0.0
0.9859859859859861,1.0,0.0,0.0,0.0,0.0,0.0,0.0,0.0
0.987987987987988,1.0,0.0,0.0,0.0,0.0,0.0,0.0,0.0
0.98998998998999,1.0,0.0,0.0,0.0,0.0,0.0,0.0,0.0
0.991991991991992,1.0,0.0,0.0,0.0,0.0,0.0,0.0,0.0
0.9939939939939939,1.0,0.0,0.0,0.0,0.0,0.0,0.0,0.0
0.9959959959959961,1.0,0.0,0.0,0.0,0.0,0.0,0.0,0.0
0.997997997997998,1.0,0.0,0.0,0.0,0.0,0.0,0.0,0.0
1.0,1.0,0.0,0.0,0.0,0.0,0.0,0.0,0.0
